date,value
2010-01-01,136
2010-01-02,15
2010-01-03,15
2010-01-04,9
2010-01-05,16
2010-01-06,7
2010-01-07,15
2010-01-08,21
2010-01-09,13
2010-01-10,12
2010-01-11,8
2010-01-12,10
2010-01-13,15
2010-01-14,18
2010-01-15,19
2010-01-16,14
2010-01-17,13
2010-01-18,14
2010-01-19,18
2010-01-20,20
2010-01-21,9
2010-01-22,8
2010-01-23,11
2010-01-24,12
2010-01-25,16
2010-01-26,10
2010-01-27,11
2010-01-28,10
2010-01-29,7
2010-01-30,15
2010-01-31,11
2010-02-01,23
2010-02-02,12
2010-02-03,15
2010-02-04,16
2010-02-05,16
2010-02-06,13
2010-02-07,6
2010-02-08,10
2010-02-09,11
2010-02-10,15
2010-02-11,5
2010-02-12,15
2010-02-13,22
2010-02-14,9
2010-02-15,10
2010-02-16,11
2010-02-17,10
2010-02-18,11
2010-02-19,14
2010-02-20,7
2010-02-21,11
2010-02-22,8
2010-02-23,11
2010-02-24,12
2010-02-25,14
2010-02-26,10
2010-02-27,15
2010-02-28,9
2010-03-01,23
2010-03-02,14
2010-03-03,13
2010-03-04,10
2010-03-05,14
2010-03-06,14
2010-03-07,8
2010-03-08,9
2010-03-09,11
2010-03-10,14
2010-03-11,17
2010-03-12,7
2010-03-13,11
2010-03-14,13
2010-03-15,15
2010-03-16,11
2010-03-17,10
2010-03-18,14
2010-03-19,11
2010-03-20,13
2010-03-21,20
2010-03-22,13
2010-03-23,15
2010-03-24,7
2010-03-25,11
2010-03-26,18
2010-03-27,10
2010-03-28,9
2010-03-29,15
2010-03-30,18
2010-03-31,6
2010-04-01,27
2010-04-02,17
2010-04-03,10
2010-04-04,12
2010-04-05,17
2010-04-06,17
2010-04-07,7
2010-04-08,12
2010-04-09,15
2010-04-10,13
2010-04-11,14
2010-04-12,17
2010-04-13,10
2010-04-14,13
2010-04-15,20
2010-04-16,15
2010-04-17,13
2010-04-18,7
2010-04-19,10
2010-04-20,13
2010-04-21,13
2010-04-22,18
2010-04-23,6
2010-04-24,13
2010-04-25,10
2010-04-26,14
2010-04-27,25
2010-04-28,16
2010-04-29,11
2010-04-30,10
2010-05-01,26
2010-05-02,9
2010-05-03,19
2010-05-04,24
2010-05-05,21
2010-05-06,8
2010-05-07,12
2010-05-08,17
2010-05-09,16
2010-05-10,13
2010-05-11,16
2010-05-12,22
2010-05-13,12
2010-05-14,14
2010-05-15,20
2010-05-16,14
2010-05-17,19
2010-05-18,11
2010-05-19,9
2010-05-20,10
2010-05-21,17
2010-05-22,14
2010-05-23,17
2010-05-24,12
2010-05-25,18
2010-05-26,15
2010-05-27,13
2010-05-28,17
2010-05-29,16
2010-05-30,9
2010-05-31,13
2010-06-01,34
2010-06-02,20
2010-06-03,16
2010-06-04,18
2010-06-05,10
2010-06-06,11
2010-06-07,11
2010-06-08,16
2010-06-09,19
2010-06-10,14
2010-06-11,9
2010-06-12,13
2010-06-13,5
2010-06-14,16
2010-06-15,15
2010-06-16,9
2010-06-17,9
2010-06-18,16
2010-06-19,13
2010-06-20,13
2010-06-21,17
2010-06-22,15
2010-06-23,16
2010-06-24,9
2010-06-25,7
2010-06-26,16
2010-06-27,21
2010-06-28,14
2010-06-29,20
2010-06-30,11
2010-07-01,29
2010-07-02,19
2010-07-03,11
2010-07-04,17
2010-07-05,14
2010-07-06,15
2010-07-07,21
2010-07-08,12
2010-07-09,11
2010-07-10,15
2010-07-11,16
2010-07-12,16
2010-07-13,14
2010-07-14,10
2010-07-15,18
2010-07-16,18
2010-07-17,17
2010-07-18,12
2010-07-19,14
2010-07-20,14
2010-07-21,13
2010-07-22,17
2010-07-23,13
2010-07-24,8
2010-07-25,14
2010-07-26,14
2010-07-27,12
2010-07-28,16
2010-07-29,14
2010-07-30,18
2010-07-31,13
2010-08-01,29
2010-08-02,14
2010-08-03,19
2010-08-04,10
2010-08-05,17
2010-08-06,20
2010-08-07,11
2010-08-08,10
2010-08-09,24
2010-08-10,13
2010-08-11,15
2010-08-12,14
2010-08-13,10
2010-08-14,16
2010-08-15,13
2010-08-16,13
2010-08-17,18
2010-08-18,21
2010-08-19,19
2010-08-20,19
2010-08-21,16
2010-08-22,10
2010-08-23,19
2010-08-24,14
2010-08-25,15
2010-08-26,20
2010-08-27,17
2010-08-28,10
2010-08-29,18
2010-08-30,16
2010-08-31,15
2010-09-01,27
2010-09-02,13
2010-09-03,11
2010-09-04,14
2010-09-05,18
2010-09-06,13
2010-09-07,16
2010-09-08,13
2010-09-09,22
2010-09-10,12
2010-09-11,17
2010-09-12,15
2010-09-13,11
2010-09-14,7
2010-09-15,14
2010-09-16,23
2010-09-17,17
2010-09-18,22
2010-09-19,12
2010-09-20,17
2010-09-21,22
2010-09-22,24
2010-09-23,10
2010-09-24,15
2010-09-25,14
2010-09-26,18
2010-09-27,18
2010-09-28,11
2010-09-29,20
2010-09-30,13
2010-10-01,25
2010-10-02,10
2010-10-03,11
2010-10-04,10
2010-10-05,14
2010-10-06,16
2010-10-07,21
2010-10-08,21
2010-10-09,21
2010-10-10,6
2010-10-11,9
2010-10-12,13
2010-10-13,16
2010-10-14,14
2010-10-15,16
2010-10-16,15
2010-10-17,15
2010-10-18,15
2010-10-19,17
2010-10-20,12
2010-10-21,17
2010-10-22,20
2010-10-23,14
2010-10-24,16
2010-10-25,13
2010-10-26,13
2010-10-27,6
2010-10-28,10
2010-10-29,13
2010-10-30,19
2010-10-31,13
2010-11-01,29
2010-11-02,16
2010-11-03,17
2010-11-04,11
2010-11-05,15
2010-11-06,12
2010-11-07,16
2010-11-08,13
2010-11-09,17
2010-11-10,10
2010-11-11,9
2010-11-12,17
2010-11-13,12
2010-11-14,10
2010-11-15,12
2010-11-16,13
2010-11-17,16
2010-11-18,10
2010-11-19,12
2010-11-20,15
2010-11-21,12
2010-11-22,14
2010-11-23,12
2010-11-24,17
2010-11-25,11
2010-11-26,10
2010-11-27,15
2010-11-28,7
2010-11-29,17
2010-11-30,9
2010-12-01,16
2010-12-02,11
2010-12-03,11
2010-12-04,10
2010-12-05,10
2010-12-06,8
2010-12-07,12
2010-12-08,9
2010-12-09,12
2010-12-10,12
2010-12-11,7
2010-12-12,12
2010-12-13,10
2010-12-14,8
2010-12-15,11
2010-12-16,15
2010-12-17,14
2010-12-18,10
2010-12-19,11
2010-12-20,13
2010-12-21,9
2010-12-22,14
2010-12-23,19
2010-12-24,9
2010-12-25,7
2010-12-26,6
2010-12-27,11
2010-12-28,10
2010-12-29,12
2010-12-30,8
2010-12-31,13
2011-01-01,123
2011-01-02,10
2011-01-03,13
2011-01-04,13
2011-01-05,13
2011-01-06,14
2011-01-07,14
2011-01-08,7
2011-01-09,9
2011-01-10,8
2011-01-11,12
2011-01-12,9
2011-01-13,9
2011-01-14,19
2011-01-15,11
2011-01-16,6
2011-01-17,8
2011-01-18,10
2011-01-19,16
2011-01-20,15
2011-01-21,10
2011-01-22,7
2011-01-23,15
2011-01-24,7
2011-01-25,11
2011-01-26,9
2011-01-27,12
2011-01-28,12
2011-01-29,6
2011-01-30,7
2011-01-31,10
2011-02-01,22
2011-02-02,2
2011-02-03,7
2011-02-04,17
2011-02-05,9
2011-02-06,12
2011-02-07,11
2011-02-08,10
2011-02-09,9
2011-02-10,14
2011-02-11,13
2011-02-12,11
2011-02-13,13
2011-02-14,10
2011-02-15,13
2011-02-16,16
2011-02-17,7
2011-02-18,19
2011-02-19,11
2011-02-20,7
2011-02-21,8
2011-02-22,15
2011-02-23,15
2011-02-24,10
2011-02-25,12
2011-02-26,5
2011-02-27,5
2011-02-28,16
2011-03-01,24
2011-03-02,13
2011-03-03,15
2011-03-04,13
2011-03-05,12
2011-03-06,10
2011-03-07,6
2011-03-08,14
2011-03-09,11
2011-03-10,19
2011-03-11,12
2011-03-12,11
2011-03-13,5
2011-03-14,12
2011-03-15,16
2011-03-16,16
2011-03-17,15
2011-03-18,13
2011-03-19,18
2011-03-20,13
2011-03-21,12
2011-03-22,20
2011-03-23,14
2011-03-24,11
2011-03-25,17
2011-03-26,6
2011-03-27,10
2011-03-28,17
2011-03-29,8
2011-03-30,8
2011-03-31,12
2011-04-01,31
2011-04-02,12
2011-04-03,10
2011-04-04,19
2011-04-05,15
2011-04-06,7
2011-04-07,11
2011-04-08,16
2011-04-09,10
2011-04-10,17
2011-04-11,21
2011-04-12,21
2011-04-13,12
2011-04-14,11
2011-04-15,16
2011-04-16,11
2011-04-17,11
2011-04-18,12
2011-04-19,11
2011-04-20,13
2011-04-21,15
2011-04-22,10
2011-04-23,12
2011-04-24,11
2011-04-25,12
2011-04-26,13
2011-04-27,8
2011-04-28,11
2011-04-29,16
2011-04-30,14
2011-05-01,38
2011-05-02,14
2011-05-03,17
2011-05-04,17
2011-05-05,16
2011-05-06,17
2011-05-07,12
2011-05-08,20
2011-05-09,22
2011-05-10,8
2011-05-11,11
2011-05-12,16
2011-05-13,16
2011-05-14,9
2011-05-15,10
2011-05-16,16
2011-05-17,9
2011-05-18,16
2011-05-19,20
2011-05-20,23
2011-05-21,12
2011-05-22,5
2011-05-23,12
2011-05-24,10
2011-05-25,17
2011-05-26,14
2011-05-27,12
2011-05-28,10
2011-05-29,13
2011-05-30,13
2011-05-31,13
2011-06-01,40
2011-06-02,16
2011-06-03,19
2011-06-04,17
2011-06-05,15
2011-06-06,15
2011-06-07,14
2011-06-08,20
2011-06-09,11
2011-06-10,16
2011-06-11,15
2011-06-12,12
2011-06-13,17
2011-06-14,12
2011-06-15,16
2011-06-16,8
2011-06-17,18
2011-06-18,16
2011-06-19,17
2011-06-20,16
2011-06-21,16
2011-06-22,14
2011-06-23,10
2011-06-24,16
2011-06-25,17
2011-06-26,5
2011-06-27,9
2011-06-28,13
2011-06-29,8
2011-06-30,12
2011-07-01,19
2011-07-02,16
2011-07-03,6
2011-07-04,16
2011-07-05,14
2011-07-06,9
2011-07-07,16
2011-07-08,17
2011-07-09,13
2011-07-10,16
2011-07-11,18
2011-07-12,23
2011-07-13,15
2011-07-14,8
2011-07-15,19
2011-07-16,16
2011-07-17,15
2011-07-18,10
2011-07-19,21
2011-07-20,14
2011-07-21,11
2011-07-22,16
2011-07-23,13
2011-07-24,10
2011-07-25,8
2011-07-26,17
2011-07-27,14
2011-07-28,17
2011-07-29,18
2011-07-30,17
2011-07-31,11
2011-08-01,20
2011-08-02,12
2011-08-03,19
2011-08-04,15
2011-08-05,14
2011-08-06,13
2011-08-07,4
2011-08-08,15
2011-08-09,16
2011-08-10,17
2011-08-11,9
2011-08-12,13
2011-08-13,18
2011-08-14,12
2011-08-15,14
2011-08-16,15
2011-08-17,15
2011-08-18,11
2011-08-19,13
2011-08-20,28
2011-08-21,18
2011-08-22,11
2011-08-23,13
2011-08-24,12
2011-08-25,11
2011-08-26,12
2011-08-27,11
2011-08-28,16
2011-08-29,10
2011-08-30,11
2011-08-31,6
2011-09-01,38
2011-09-02,19
2011-09-03,12
2011-09-04,17
2011-09-05,18
2011-09-06,18
2011-09-07,11
2011-09-08,13
2011-09-09,15
2011-09-10,14
2011-09-11,11
2011-09-12,12
2011-09-13,10
2011-09-14,15
2011-09-15,19
2011-09-16,14
2011-09-17,18
2011-09-18,13
2011-09-19,12
2011-09-20,11
2011-09-21,21
2011-09-22,20
2011-09-23,10
2011-09-24,13
2011-09-25,13
2011-09-26,14
2011-09-27,7
2011-09-28,12
2011-09-29,11
2011-09-30,24
2011-10-01,32
2011-10-02,11
2011-10-03,11
2011-10-04,10
2011-10-05,17
2011-10-06,15
2011-10-07,14
2011-10-08,12
2011-10-09,14
2011-10-10,11
2011-10-11,17
2011-10-12,17
2011-10-13,9
2011-10-14,15
2011-10-15,13
2011-10-16,17
2011-10-17,13
2011-10-18,10
2011-10-19,14
2011-10-20,14
2011-10-21,19
2011-10-22,8
2011-10-23,10
2011-10-24,11
2011-10-25,14
2011-10-26,10
2011-10-27,15
2011-10-28,10
2011-10-29,11
2011-10-30,15
2011-10-31,12
2011-11-01,35
2011-11-02,5
2011-11-03,15
2011-11-04,12
2011-11-05,5
2011-11-06,11
2011-11-07,14
2011-11-08,7
2011-11-09,16
2011-11-10,11
2011-11-11,15
2011-11-12,9
2011-11-13,17
2011-11-14,13
2011-11-15,18
2011-11-16,10
2011-11-17,16
2011-11-18,18
2011-11-19,9
2011-11-20,17
2011-11-21,11
2011-11-22,9
2011-11-23,21
2011-11-24,9
2011-11-25,9
2011-11-26,14
2011-11-27,18
2011-11-28,10
2011-11-29,12
2011-11-30,9
2011-12-01,25
2011-12-02,12
2011-12-03,10
2011-12-04,7
2011-12-05,17
2011-12-06,14
2011-12-07,11
2011-12-08,10
2011-12-09,11
2011-12-10,9
2011-12-11,11
2011-12-12,13
2011-12-13,19
2011-12-14,14
2011-12-15,14
2011-12-16,14
2011-12-17,7
2011-12-18,9
2011-12-19,12
2011-12-20,13
2011-12-21,7
2011-12-22,8
2011-12-23,6
2011-12-24,7
2011-12-25,8
2011-12-26,8
2011-12-27,15
2011-12-28,8
2011-12-29,8
2011-12-30,10
2011-12-31,9
2012-01-01,173
2012-01-02,12
2012-01-03,9
2012-01-04,10
2012-01-05,13
2012-01-06,11
2012-01-07,20
2012-01-08,14
2012-01-09,10
2012-01-10,16
2012-01-11,11
2012-01-12,14
2012-01-13,8
2012-01-14,10
2012-01-15,13
2012-01-16,12
2012-01-17,12
2012-01-18,9
2012-01-19,5
2012-01-20,9
2012-01-21,12
2012-01-22,5
2012-01-23,6
2012-01-24,10
2012-01-25,10
2012-01-26,9
2012-01-27,15
2012-01-28,10
2012-01-29,15
2012-01-30,7
2012-01-31,10
2012-02-01,33
2012-02-02,10
2012-02-03,12
2012-02-04,11
2012-02-05,13
2012-02-06,14
2012-02-07,13
2012-02-08,19
2012-02-09,7
2012-02-10,9
2012-02-11,6
2012-02-12,15
2012-02-13,9
2012-02-14,11
2012-02-15,11
2012-02-16,18
2012-02-17,17
2012-02-18,10
2012-02-19,7
2012-02-20,7
2012-02-21,13
2012-02-22,9
2012-02-23,6
2012-02-24,11
2012-02-25,13
2012-02-26,19
2012-02-27,11
2012-02-28,18
2012-02-29,16
2012-03-01,41
2012-03-02,15
2012-03-03,15
2012-03-04,20
2012-03-05,6
2012-03-06,12
2012-03-07,24
2012-03-08,11
2012-03-09,12
2012-03-10,15
2012-03-11,14
2012-03-12,13
2012-03-13,20
2012-03-14,13
2012-03-15,14
2012-03-16,19
2012-03-17,12
2012-03-18,11
2012-03-19,12
2012-03-20,14
2012-03-21,15
2012-03-22,13
2012-03-23,11
2012-03-24,12
2012-03-25,12
2012-03-26,12
2012-03-27,8
2012-03-28,10
2012-03-29,11
2012-03-30,10
2012-03-31,14
2012-04-01,25
2012-04-02,10
2012-04-03,4
2012-04-04,5
2012-04-05,12
2012-04-06,17
2012-04-07,16
2012-04-08,5
2012-04-09,12
2012-04-10,12
2012-04-11,13
2012-04-12,13
2012-04-13,13
2012-04-14,17
2012-04-15,18
2012-04-16,14
2012-04-17,11
2012-04-18,11
2012-04-19,10
2012-04-20,19
2012-04-21,6
2012-04-22,10
2012-04-23,11
2012-04-24,14
2012-04-25,13
2012-04-26,12
2012-04-27,13
2012-04-28,11
2012-04-29,18
2012-04-30,8
2012-05-01,45
2012-05-02,13
2012-05-03,5
2012-05-04,16
2012-05-05,16
2012-05-06,13
2012-05-07,16
2012-05-08,10
2012-05-09,12
2012-05-10,14
2012-05-11,15
2012-05-12,15
2012-05-13,8
2012-05-14,11
2012-05-15,16
2012-05-16,13
2012-05-17,14
2012-05-18,8
2012-05-19,13
2012-05-20,9
2012-05-21,14
2012-05-22,7
2012-05-23,11
2012-05-24,10
2012-05-25,18
2012-05-26,10
2012-05-27,10
2012-05-28,11
2012-05-29,9
2012-05-30,12
2012-05-31,13
2012-06-01,45
2012-06-02,12
2012-06-03,11
2012-06-04,15
2012-06-05,9
2012-06-06,18
2012-06-07,20
2012-06-08,11
2012-06-09,14
2012-06-10,17
2012-06-11,16
2012-06-12,19
2012-06-13,10
2012-06-14,13
2012-06-15,14
2012-06-16,19
2012-06-17,9
2012-06-18,11
2012-06-19,12
2012-06-20,21
2012-06-21,12
2012-06-22,11
2012-06-23,18
2012-06-24,9
2012-06-25,9
2012-06-26,13
2012-06-27,12
2012-06-28,19
2012-06-29,14
2012-06-30,10
2012-07-01,29
2012-07-02,14
2012-07-03,18
2012-07-04,16
2012-07-05,9
2012-07-06,16
2012-07-07,15
2012-07-08,18
2012-07-09,7
2012-07-10,13
2012-07-11,20
2012-07-12,21
2012-07-13,6
2012-07-14,14
2012-07-15,16
2012-07-16,14
2012-07-17,15
2012-07-18,13
2012-07-19,6
2012-07-20,13
2012-07-21,12
2012-07-22,18
2012-07-23,18
2012-07-24,15
2012-07-25,22
2012-07-26,11
2012-07-27,11
2012-07-28,6
2012-07-29,16
2012-07-30,10
2012-07-31,10
2012-08-01,38
2012-08-02,18
2012-08-03,12
2012-08-04,5
2012-08-05,13
2012-08-06,14
2012-08-07,9
2012-08-08,12
2012-08-09,16
2012-08-10,18
2012-08-11,14
2012-08-12,13
2012-08-13,14
2012-08-14,17
2012-08-15,11
2012-08-16,10
2012-08-17,9
2012-08-18,13
2012-08-19,15
2012-08-20,12
2012-08-21,10
2012-08-22,10
2012-08-23,14
2012-08-24,17
2012-08-25,20
2012-08-26,11
2012-08-27,15
2012-08-28,5
2012-08-29,12
2012-08-30,16
2012-08-31,19
2012-09-01,44
2012-09-02,10
2012-09-03,3
2012-09-04,17
2012-09-05,15
2012-09-06,11
2012-09-07,6
2012-09-08,11
2012-09-09,13
2012-09-10,19
2012-09-11,11
2012-09-12,12
2012-09-13,10
2012-09-14,23
2012-09-15,11
2012-09-16,17
2012-09-17,14
2012-09-18,14
2012-09-19,7
2012-09-20,11
2012-09-21,11
2012-09-22,10
2012-09-23,10
2012-09-24,4
2012-09-25,11
2012-09-26,7
2012-09-27,8
2012-09-28,16
2012-09-29,14
2012-09-30,8
2012-10-01,30
2012-10-02,15
2012-10-03,14
2012-10-04,12
2012-10-05,9
2012-10-06,9
2012-10-07,12
2012-10-08,9
2012-10-09,15
2012-10-10,11
2012-10-11,9
2012-10-12,12
2012-10-13,10
2012-10-14,10
2012-10-15,18
2012-10-16,16
2012-10-17,13
2012-10-18,18
2012-10-19,13
2012-10-20,18
2012-10-21,22
2012-10-22,11
2012-10-23,13
2012-10-24,18
2012-10-25,10
2012-10-26,17
2012-10-27,9
2012-10-28,8
2012-10-29,16
2012-10-30,16
2012-10-31,8
2012-11-01,39
2012-11-02,13
2012-11-03,17
2012-11-04,9
2012-11-05,16
2012-11-06,11
2012-11-07,9
2012-11-08,12
2012-11-09,14
2012-11-10,9
2012-11-11,13
2012-11-12,8
2012-11-13,19
2012-11-14,11
2012-11-15,18
2012-11-16,13
2012-11-17,9
2012-11-18,6
2012-11-19,9
2012-11-20,12
2012-11-21,18
2012-11-22,9
2012-11-23,13
2012-11-24,17
2012-11-25,9
2012-11-26,11
2012-11-27,15
2012-11-28,12
2012-11-29,15
2012-11-30,11
2012-12-01,31
2012-12-02,14
2012-12-03,13
2012-12-04,12
2012-12-05,16
2012-12-06,15
2012-12-07,11
2012-12-08,16
2012-12-09,7
2012-12-10,17
2012-12-11,13
2012-12-12,17
2012-12-13,11
2012-12-14,17
2012-12-15,13
2012-12-16,9
2012-12-17,16
2012-12-18,12
2012-12-19,16
2012-12-20,10
2012-12-21,12
2012-12-22,9
2012-12-23,3
2012-12-24,6
2012-12-25,6
2012-12-26,6
2012-12-27,11
2012-12-28,12
2012-12-29,16
2012-12-30,6
2012-12-31,14
2013-01-01,230
2013-01-02,13
2013-01-03,14
2013-01-04,15
2013-01-05,17
2013-01-06,11
2013-01-07,8
2013-01-08,14
2013-01-09,13
2013-01-10,15
2013-01-11,17
2013-01-12,8
2013-01-13,12
2013-01-14,10
2013-01-15,8
2013-01-16,12
2013-01-17,14
2013-01-18,9
2013-01-19,12
2013-01-20,12
2013-01-21,5
2013-01-22,10
2013-01-23,6
2013-01-24,19
2013-01-25,9
2013-01-26,9
2013-01-27,7
2013-01-28,5
2013-01-29,14
2013-01-30,5
2013-01-31,8
2013-02-01,32
2013-02-02,7
2013-02-03,11
2013-02-04,8
2013-02-05,6
2013-02-06,11
2013-02-07,8
2013-02-08,8
2013-02-09,9
2013-02-10,14
2013-02-11,11
2013-02-12,9
2013-02-13,11
2013-02-14,14
2013-02-15,10
2013-02-16,8
2013-02-17,5
2013-02-18,14
2013-02-19,9
2013-02-20,14
2013-02-21,9
2013-02-22,8
2013-02-23,7
2013-02-24,10
2013-02-25,9
2013-02-26,8
2013-02-27,11
2013-02-28,12
2013-03-01,47
2013-03-02,10
2013-03-03,10
2013-03-04,10
2013-03-05,13
2013-03-06,17
2013-03-07,10
2013-03-08,14
2013-03-09,9
2013-03-10,7
2013-03-11,9
2013-03-12,16
2013-03-13,13
2013-03-14,13
2013-03-15,13
2013-03-16,14
2013-03-17,8
2013-03-18,14
2013-03-19,11
2013-03-20,13
2013-03-21,10
2013-03-22,13
2013-03-23,19
2013-03-24,10
2013-03-25,12
2013-03-26,18
2013-03-27,10
2013-03-28,12
2013-03-29,14
2013-03-30,23
2013-03-31,8
2013-04-01,42
2013-04-02,9
2013-04-03,16
2013-04-04,24
2013-04-05,13
2013-04-06,16
2013-04-07,9
2013-04-08,10
2013-04-09,12
2013-04-10,12
2013-04-11,13
2013-04-12,14
2013-04-13,9
2013-04-14,6
2013-04-15,14
2013-04-16,20
2013-04-17,4
2013-04-18,9
2013-04-19,10
2013-04-20,10
2013-04-21,7
2013-04-22,15
2013-04-23,10
2013-04-24,16
2013-04-25,13
2013-04-26,16
2013-04-27,11
2013-04-28,7
2013-04-29,12
2013-04-30,11
2013-05-01,37
2013-05-02,10
2013-05-03,12
2013-05-04,11
2013-05-05,9
2013-05-06,16
2013-05-07,10
2013-05-08,11
2013-05-09,15
2013-05-10,11
2013-05-11,10
2013-05-12,13
2013-05-13,15
2013-05-14,7
2013-05-15,23
2013-05-16,18
2013-05-17,18
2013-05-18,16
2013-05-19,11
2013-05-20,11
2013-05-21,10
2013-05-22,15
2013-05-23,17
2013-05-24,15
2013-05-25,8
2013-05-26,10
2013-05-27,9
2013-05-28,14
2013-05-29,10
2013-05-30,15
2013-05-31,15
2013-06-01,68
2013-06-02,12
2013-06-03,12
2013-06-04,15
2013-06-05,23
2013-06-06,14
2013-06-07,12
2013-06-08,5
2013-06-09,10
2013-06-10,12
2013-06-11,14
2013-06-12,11
2013-06-13,13
2013-06-14,13
2013-06-15,11
2013-06-16,14
2013-06-17,18
2013-06-18,16
2013-06-19,8
2013-06-20,19
2013-06-21,7
2013-06-22,12
2013-06-23,13
2013-06-24,12
2013-06-25,11
2013-06-26,12
2013-06-27,19
2013-06-28,10
2013-06-29,12
2013-06-30,15
2013-07-01,44
2013-07-02,13
2013-07-03,13
2013-07-04,8
2013-07-05,9
2013-07-06,7
2013-07-07,16
2013-07-08,19
2013-07-09,6
2013-07-10,15
2013-07-11,14
2013-07-12,20
2013-07-13,13
2013-07-14,18
2013-07-15,15
2013-07-16,11
2013-07-17,16
2013-07-18,8
2013-07-19,15
2013-07-20,12
2013-07-21,14
2013-07-22,19
2013-07-23,8
2013-07-24,12
2013-07-25,10
2013-07-26,12
2013-07-27,8
2013-07-28,11
2013-07-29,14
2013-07-30,13
2013-07-31,17
2013-08-01,47
2013-08-02,17
2013-08-03,9
2013-08-04,9
2013-08-05,16
2013-08-06,21
2013-08-07,8
2013-08-08,12
2013-08-09,8
2013-08-10,9
2013-08-11,10
2013-08-12,12
2013-08-13,15
2013-08-14,14
2013-08-15,11
2013-08-16,19
2013-08-17,9
2013-08-18,13
2013-08-19,20
2013-08-20,11
2013-08-21,6
2013-08-22,14
2013-08-23,12
2013-08-24,12
2013-08-25,14
2013-08-26,14
2013-08-27,9
2013-08-28,17
2013-08-29,10
2013-08-30,19
2013-08-31,9
2013-09-01,49
2013-09-02,25
2013-09-03,14
2013-09-04,13
2013-09-05,23
2013-09-06,4
2013-09-07,9
2013-09-08,13
2013-09-09,15
2013-09-10,17
2013-09-11,18
2013-09-12,11
2013-09-13,16
2013-09-14,16
2013-09-15,6
2013-09-16,7
2013-09-17,13
2013-09-18,9
2013-09-19,8
2013-09-20,7
2013-09-21,7
2013-09-22,7
2013-09-23,14
2013-09-24,11
2013-09-25,13
2013-09-26,10
2013-09-27,11
2013-09-28,18
2013-09-29,8
2013-09-30,12
2013-10-01,53
2013-10-02,12
2013-10-03,12
2013-10-04,8
2013-10-05,13
2013-10-06,10
2013-10-07,14
2013-10-08,13
2013-10-09,13
2013-10-10,12
2013-10-11,18
2013-10-12,10
2013-10-13,15
2013-10-14,9
2013-10-15,6
2013-10-16,15
2013-10-17,5
2013-10-18,21
2013-10-19,15
2013-10-20,13
2013-10-21,11
2013-10-22,9
2013-10-23,8
2013-10-24,14
2013-10-25,12
2013-10-26,15
2013-10-27,9
2013-10-28,15
2013-10-29,12
2013-10-30,7
2013-10-31,18
2013-11-01,51
2013-11-02,14
2013-11-03,9
2013-11-04,19
2013-11-05,14
2013-11-06,11
2013-11-07,16
2013-11-08,14
2013-11-09,11
2013-11-10,15
2013-11-11,6
2013-11-12,16
2013-11-13,21
2013-11-14,8
2013-11-15,15
2013-11-16,7
2013-11-17,5
2013-11-18,7
2013-11-19,10
2013-11-20,15
2013-11-21,15
2013-11-22,18
2013-11-23,13
2013-11-24,10
2013-11-25,12
2013-11-26,17
2013-11-27,12
2013-11-28,10
2013-11-29,15
2013-11-30,9
2013-12-01,41
2013-12-02,15
2013-12-03,17
2013-12-04,14
2013-12-05,11
2013-12-06,13
2013-12-07,5
2013-12-08,7
2013-12-09,16
2013-12-10,7
2013-12-11,12
2013-12-12,12
2013-12-13,15
2013-12-14,7
2013-12-15,9
2013-12-16,14
2013-12-17,12
2013-12-18,14
2013-12-19,12
2013-12-20,15
2013-12-21,10
2013-12-22,22
2013-12-23,20
2013-12-24,18
2013-12-25,8
2013-12-26,8
2013-12-27,10
2013-12-28,10
2013-12-29,8
2013-12-30,14
2013-12-31,17
2014-01-01,277
2014-01-02,18
2014-01-03,14
2014-01-04,12
2014-01-05,10
2014-01-06,9
2014-01-07,9
2014-01-08,12
2014-01-09,20
2014-01-10,10
2014-01-11,14
2014-01-12,6
2014-01-13,12
2014-01-14,19
2014-01-15,12
2014-01-16,8
2014-01-17,9
2014-01-18,6
2014-01-19,9
2014-01-20,12
2014-01-21,7
2014-01-22,10
2014-01-23,17
2014-01-24,9
2014-01-25,10
2014-01-26,9
2014-01-27,16
2014-01-28,25
2014-01-29,12
2014-01-30,14
2014-01-31,11
2014-02-01,45
2014-02-02,9
2014-02-03,13
2014-02-04,8
2014-02-05,8
2014-02-06,6
2014-02-07,12
2014-02-08,10
2014-02-09,11
2014-02-10,11
2014-02-11,11
2014-02-12,13
2014-02-13,11
2014-02-14,16
2014-02-15,12
2014-02-16,2
2014-02-17,15
2014-02-18,19
2014-02-19,14
2014-02-20,17
2014-02-21,12
2014-02-22,15
2014-02-23,6
2014-02-24,19
2014-02-25,7
2014-02-26,10
2014-02-27,5
2014-02-28,13
2014-03-01,56
2014-03-02,10
2014-03-03,12
2014-03-04,9
2014-03-05,8
2014-03-06,14
2014-03-07,14
2014-03-08,13
2014-03-09,8
2014-03-10,9
2014-03-11,7
2014-03-12,12
2014-03-13,8
2014-03-14,13
2014-03-15,17
2014-03-16,5
2014-03-17,9
2014-03-18,11
2014-03-19,14
2014-03-20,17
2014-03-21,13
2014-03-22,9
2014-03-23,11
2014-03-24,12
2014-03-25,12
2014-03-26,8
2014-03-27,7
2014-03-28,13
2014-03-29,14
2014-03-30,10
2014-03-31,8
2014-04-01,77
2014-04-02,12
2014-04-03,17
2014-04-04,13
2014-04-05,18
2014-04-06,8
2014-04-07,21
2014-04-08,12
2014-04-09,11
2014-04-10,12
2014-04-11,12
2014-04-12,27
2014-04-13,4
2014-04-14,24
2014-04-15,22
2014-04-16,15
2014-04-17,15
2014-04-18,8
2014-04-19,11
2014-04-20,10
2014-04-21,17
2014-04-22,13
2014-04-23,10
2014-04-24,14
2014-04-25,14
2014-04-26,13
2014-04-27,15
2014-04-28,17
2014-04-29,9
2014-04-30,9
2014-05-01,68
2014-05-02,14
2014-05-03,7
2014-05-04,7
2014-05-05,19
2014-05-06,16
2014-05-07,8
2014-05-08,7
2014-05-09,11
2014-05-10,20
2014-05-11,13
2014-05-12,14
2014-05-13,10
2014-05-14,17
2014-05-15,14
2014-05-16,17
2014-05-17,9
2014-05-18,12
2014-05-19,3
2014-05-20,8
2014-05-21,12
2014-05-22,14
2014-05-23,8
2014-05-24,9
2014-05-25,8
2014-05-26,12
2014-05-27,14
2014-05-28,20
2014-05-29,21
2014-05-30,13
2014-05-31,14
2014-06-01,72
2014-06-02,20
2014-06-03,20
2014-06-04,12
2014-06-05,16
2014-06-06,19
2014-06-07,12
2014-06-08,9
2014-06-09,17
2014-06-10,16
2014-06-11,6
2014-06-12,12
2014-06-13,17
2014-06-14,20
2014-06-15,19
2014-06-16,15
2014-06-17,19
2014-06-18,15
2014-06-19,19
2014-06-20,12
2014-06-21,14
2014-06-22,20
2014-06-23,14
2014-06-24,14
2014-06-25,20
2014-06-26,19
2014-06-27,13
2014-06-28,11
2014-06-29,9
2014-06-30,23
2014-07-01,77
2014-07-02,17
2014-07-03,17
2014-07-04,10
2014-07-05,17
2014-07-06,10
2014-07-07,15
2014-07-08,20
2014-07-09,9
2014-07-10,13
2014-07-11,15
2014-07-12,9
2014-07-13,11
2014-07-14,26
2014-07-15,18
2014-07-16,15
2014-07-17,13
2014-07-18,16
2014-07-19,14
2014-07-20,15
2014-07-21,18
2014-07-22,15
2014-07-23,20
2014-07-24,10
2014-07-25,17
2014-07-26,19
2014-07-27,8
2014-07-28,14
2014-07-29,15
2014-07-30,18
2014-07-31,24
2014-08-01,73
2014-08-02,23
2014-08-03,9
2014-08-04,11
2014-08-05,10
2014-08-06,14
2014-08-07,15
2014-08-08,23
2014-08-09,17
2014-08-10,17
2014-08-11,16
2014-08-12,11
2014-08-13,22
2014-08-14,17
2014-08-15,23
2014-08-16,17
2014-08-17,16
2014-08-18,19
2014-08-19,12
2014-08-20,13
2014-08-21,26
2014-08-22,26
2014-08-23,16
2014-08-24,10
2014-08-25,9
2014-08-26,18
2014-08-27,18
2014-08-28,15
2014-08-29,14
2014-08-30,17
2014-08-31,11
2014-09-01,94
2014-09-02,19
2014-09-03,13
2014-09-04,18
2014-09-05,19
2014-09-06,13
2014-09-07,12
2014-09-08,13
2014-09-09,14
2014-09-10,11
2014-09-11,15
2014-09-12,16
2014-09-13,15
2014-09-14,15
2014-09-15,20
2014-09-16,12
2014-09-17,13
2014-09-18,17
2014-09-19,26
2014-09-20,8
2014-09-21,10
2014-09-22,20
2014-09-23,22
2014-09-24,13
2014-09-25,12
2014-09-26,16
2014-09-27,12
2014-09-28,12
2014-09-29,15
2014-09-30,22
2014-10-01,99
2014-10-02,18
2014-10-03,25
2014-10-04,18
2014-10-05,13
2014-10-06,18
2014-10-07,13
2014-10-08,11
2014-10-09,10
2014-10-10,27
2014-10-11,25
2014-10-12,19
2014-10-13,14
2014-10-14,20
2014-10-15,28
2014-10-16,19
2014-10-17,12
2014-10-18,22
2014-10-19,12
2014-10-20,22
2014-10-21,14
2014-10-22,11
2014-10-23,15
2014-10-24,11
2014-10-25,8
2014-10-26,17
2014-10-27,19
2014-10-28,19
2014-10-29,14
2014-10-30,20
2014-10-31,21
2014-11-01,90
2014-11-02,17
2014-11-03,23
2014-11-04,18
2014-11-05,16
2014-11-06,16
2014-11-07,21
2014-11-08,10
2014-11-09,7
2014-11-10,18
2014-11-11,25
2014-11-12,22
2014-11-13,26
2014-11-14,34
2014-11-15,17
2014-11-16,9
2014-11-17,11
2014-11-18,13
2014-11-19,10
2014-11-20,17
2014-11-21,19
2014-11-22,8
2014-11-23,13
2014-11-24,26
2014-11-25,16
2014-11-26,16
2014-11-27,15
2014-11-28,14
2014-11-29,14
2014-11-30,10
2014-12-01,86
2014-12-02,17
2014-12-03,24
2014-12-04,17
2014-12-05,26
2014-12-06,27
2014-12-07,12
2014-12-08,22
2014-12-09,14
2014-12-10,20
2014-12-11,14
2014-12-12,20
2014-12-13,14
2014-12-14,22
2014-12-15,23
2014-12-16,20
2014-12-17,16
2014-12-18,24
2014-12-19,24
2014-12-20,28
2014-12-21,19
2014-12-22,13
2014-12-23,23
2014-12-24,11
2014-12-25,14
2014-12-26,15
2014-12-27,14
2014-12-28,17
2014-12-29,16
2014-12-30,27
2014-12-31,28
2015-01-01,532
2015-01-02,35
2015-01-03,21
2015-01-04,16
2015-01-05,32
2015-01-06,17
2015-01-07,24
2015-01-08,21
2015-01-09,25
2015-01-10,23
2015-01-11,13
2015-01-12,14
2015-01-13,23
2015-01-14,21
2015-01-15,51
2015-01-16,22
2015-01-17,20
2015-01-18,18
2015-01-19,15
2015-01-20,27
2015-01-21,19
2015-01-22,28
2015-01-23,21
2015-01-24,17
2015-01-25,24
2015-01-26,28
2015-01-27,27
2015-01-28,39
2015-01-29,38
2015-01-30,38
2015-01-31,35
2015-02-01,137
2015-02-02,40
2015-02-03,32
2015-02-04,31
2015-02-05,30
2015-02-06,45
2015-02-07,21
2015-02-08,18
2015-02-09,26
2015-02-10,35
2015-02-11,36
2015-02-12,44
2015-02-13,37
2015-02-14,43
2015-02-15,36
2015-02-16,32
2015-02-17,32
2015-02-18,25
2015-02-19,22
2015-02-20,52
2015-02-21,32
2015-02-22,29
2015-02-23,32
2015-02-24,32
2015-02-25,41
2015-02-26,43
2015-02-27,30
2015-02-28,35
2015-03-01,154
2015-03-02,40
2015-03-03,58
2015-03-04,38
2015-03-05,41
2015-03-06,71
2015-03-07,46
2015-03-08,38
2015-03-09,64
2015-03-10,74
2015-03-11,75
2015-03-12,60
2015-03-13,101
2015-03-14,81
2015-03-15,102
2015-03-16,110
2015-03-17,112
2015-03-18,322
2015-03-19,714
2015-03-20,776
2015-03-21,688
2015-03-22,653
2015-03-23,592
2015-03-24,638
2015-03-25,723
2015-03-26,683
2015-03-27,725
2015-03-28,656
2015-03-29,618
2015-03-30,718
2015-03-31,692
2015-04-01,929
2015-04-02,791
2015-04-03,707
2015-04-04,693
2015-04-05,674
2015-04-06,676
2015-04-07,604
2015-04-08,676
2015-04-09,648
2015-04-10,713
2015-04-11,719
2015-04-12,773
2015-04-13,735
2015-04-14,767
2015-04-15,800
2015-04-16,688
2015-04-17,785
2015-04-18,767
2015-04-19,701
2015-04-20,742
2015-04-21,661
2015-04-22,683
2015-04-23,731
2015-04-24,759
2015-04-25,694
2015-04-26,717
2015-04-27,721
2015-04-28,717
2015-04-29,764
2015-04-30,665
2015-05-01,948
2015-05-02,687
2015-05-03,744
2015-05-04,779
2015-05-05,696
2015-05-06,739
2015-05-07,824
2015-05-08,807
2015-05-09,684
2015-05-10,738
2015-05-11,748
2015-05-12,757
2015-05-13,766
2015-05-14,753
2015-05-15,823
2015-05-16,879
2015-05-17,836
2015-05-18,755
2015-05-19,708
2015-05-20,727
2015-05-21,743
2015-05-22,823
2015-05-23,795
2015-05-24,681
2015-05-25,705
2015-05-26,770
2015-05-27,737
2015-05-28,799
2015-05-29,827
2015-05-30,714
2015-05-31,662
2015-06-01,956
2015-06-02,771
2015-06-03,778
2015-06-04,720
2015-06-05,783
2015-06-06,757
2015-06-07,739
2015-06-08,680
2015-06-09,731
2015-06-10,791
2015-06-11,802
2015-06-12,825
2015-06-13,809
2015-06-14,794
2015-06-15,739
2015-06-16,844
2015-06-17,722
2015-06-18,764
2015-06-19,774
2015-06-20,764
2015-06-21,782
2015-06-22,780
2015-06-23,730
2015-06-24,728
2015-06-25,782
2015-06-26,783
2015-06-27,720
2015-06-28,796
2015-06-29,750
2015-06-30,747
2015-07-01,892
2015-07-02,755
2015-07-03,765
2015-07-04,841
2015-07-05,891
2015-07-06,756
2015-07-07,700
2015-07-08,715
2015-07-09,670
2015-07-10,737
2015-07-11,794
2015-07-12,800
2015-07-13,781
2015-07-14,711
2015-07-15,793
2015-07-16,670
2015-07-17,820
2015-07-18,774
2015-07-19,762
2015-07-20,777
2015-07-21,775
2015-07-22,774
2015-07-23,810
2015-07-24,866
2015-07-25,830
2015-07-26,798
2015-07-27,835
2015-07-28,766
2015-07-29,764
2015-07-30,774
2015-07-31,778
2015-08-01,1048
2015-08-02,819
2015-08-03,728
2015-08-04,760
2015-08-05,770
2015-08-06,807
2015-08-07,837
2015-08-08,849
2015-08-09,744
2015-08-10,809
2015-08-11,789
2015-08-12,759
2015-08-13,782
2015-08-14,807
2015-08-15,824
2015-08-16,863
2015-08-17,738
2015-08-18,762
2015-08-19,791
2015-08-20,837
2015-08-21,856
2015-08-22,843
2015-08-23,803
2015-08-24,723
2015-08-25,764
2015-08-26,789
2015-08-27,764
2015-08-28,805
2015-08-29,760
2015-08-30,798
2015-08-31,742
2015-09-01,959
2015-09-02,791
2015-09-03,874
2015-09-04,813
2015-09-05,764
2015-09-06,816
2015-09-07,806
2015-09-08,716
2015-09-09,710
2015-09-10,658
2015-09-11,692
2015-09-12,724
2015-09-13,733
2015-09-14,786
2015-09-15,811
2015-09-16,764
2015-09-17,717
2015-09-18,790
2015-09-19,789
2015-09-20,805
2015-09-21,734
2015-09-22,776
2015-09-23,833
2015-09-24,717
2015-09-25,810
2015-09-26,790
2015-09-27,799
2015-09-28,750
2015-09-29,666
2015-09-30,676
2015-10-01,892
2015-10-02,800
2015-10-03,708
2015-10-04,653
2015-10-05,756
2015-10-06,750
2015-10-07,717
2015-10-08,700
2015-10-09,794
2015-10-10,727
2015-10-11,735
2015-10-12,730
2015-10-13,740
2015-10-14,762
2015-10-15,817
2015-10-16,732
2015-10-17,706
2015-10-18,673
2015-10-19,785
2015-10-20,785
2015-10-21,794
2015-10-22,774
2015-10-23,774
2015-10-24,761
2015-10-25,728
2015-10-26,780
2015-10-27,650
2015-10-28,682
2015-10-29,669
2015-10-30,775
2015-10-31,720
2015-11-01,996
2015-11-02,783
2015-11-03,746
2015-11-04,791
2015-11-05,753
2015-11-06,747
2015-11-07,688
2015-11-08,705
2015-11-09,684
2015-11-10,640
2015-11-11,686
2015-11-12,690
2015-11-13,679
2015-11-14,696
2015-11-15,723
2015-11-16,744
2015-11-17,668
2015-11-18,682
2015-11-19,696
2015-11-20,713
2015-11-21,526
2015-11-22,516
2015-11-23,649
2015-11-24,606
2015-11-25,619
2015-11-26,587
2015-11-27,611
2015-11-28,657
2015-11-29,608
2015-11-30,668
2015-12-01,796
2015-12-02,716
2015-12-03,710
2015-12-04,698
2015-12-05,706
2015-12-06,686
2015-12-07,689
2015-12-08,733
2015-12-09,684
2015-12-10,690
2015-12-11,741
2015-12-12,752
2015-12-13,650
2015-12-14,739
2015-12-15,793
2015-12-16,721
2015-12-17,724
2015-12-18,653
2015-12-19,666
2015-12-20,691
2015-12-21,648
2015-12-22,694
2015-12-23,752
2015-12-24,674
2015-12-25,497
2015-12-26,638
2015-12-27,624
2015-12-28,515
2015-12-29,623
2015-12-30,603
2015-12-31,611
2016-01-01,1171
2016-01-02,576
2016-01-03,617
2016-01-04,625
2016-01-05,622
2016-01-06,627
2016-01-07,706
2016-01-08,742
2016-01-09,647
2016-01-10,597
2016-01-11,512
2016-01-12,548
2016-01-13,651
2016-01-14,733
2016-01-15,733
2016-01-16,650
2016-01-17,536
2016-01-18,515
2016-01-19,609
2016-01-20,619
2016-01-21,631
2016-01-22,701
2016-01-23,720
2016-01-24,673
2016-01-25,739
2016-01-26,636
2016-01-27,668
2016-01-28,750
2016-01-29,744
2016-01-30,740
2016-01-31,664
2016-02-01,852
2016-02-02,613
2016-02-03,680
2016-02-04,661
2016-02-05,659
2016-02-06,695
2016-02-07,616
2016-02-08,570
2016-02-09,545
2016-02-10,563
2016-02-11,581
2016-02-12,648
2016-02-13,594
2016-02-14,510
2016-02-15,553
2016-02-16,622
2016-02-17,640
2016-02-18,680
2016-02-19,776
2016-02-20,699
2016-02-21,705
2016-02-22,637
2016-02-23,630
2016-02-24,575
2016-02-25,700
2016-02-26,739
2016-02-27,691
2016-02-28,625
2016-02-29,646
2016-03-01,815
2016-03-02,606
2016-03-03,617
2016-03-04,701
2016-03-05,701
2016-03-06,714
2016-03-07,794
2016-03-08,722
2016-03-09,677
2016-03-10,714
2016-03-11,730
2016-03-12,745
2016-03-13,626
2016-03-14,684
2016-03-15,709
2016-03-16,744
2016-03-17,738
2016-03-18,788
2016-03-19,701
2016-03-20,684
2016-03-21,698
2016-03-22,720
2016-03-23,683
2016-03-24,677
2016-03-25,717
2016-03-26,734
2016-03-27,631
2016-03-28,742
2016-03-29,739
2016-03-30,713
2016-03-31,751
2016-04-01,830
2016-04-02,651
2016-04-03,705
2016-04-04,660
2016-04-05,676
2016-04-06,656
2016-04-07,741
2016-04-08,624
2016-04-09,687
2016-04-10,702
2016-04-11,673
2016-04-12,700
2016-04-13,714
2016-04-14,690
2016-04-15,808
2016-04-16,733
2016-04-17,708
2016-04-18,738
2016-04-19,701
2016-04-20,687
2016-04-21,714
2016-04-22,730
2016-04-23,692
2016-04-24,753
2016-04-25,756
2016-04-26,691
2016-04-27,661
2016-04-28,733
2016-04-29,719
2016-04-30,604
2016-05-01,822
2016-05-02,752
2016-05-03,732
2016-05-04,679
2016-05-05,700
2016-05-06,792
2016-05-07,738
2016-05-08,726
2016-05-09,728
2016-05-10,710
2016-05-11,756
2016-05-12,689
2016-05-13,807
2016-05-14,719
2016-05-15,737
2016-05-16,778
2016-05-17,691
2016-05-18,798
2016-05-19,763
2016-05-20,802
2016-05-21,789
2016-05-22,749
2016-05-23,782
2016-05-24,802
2016-05-25,721
2016-05-26,765
2016-05-27,795
2016-05-28,788
2016-05-29,798
2016-05-30,818
2016-05-31,756
2016-06-01,935
2016-06-02,799
2016-06-03,819
2016-06-04,822
2016-06-05,775
2016-06-06,790
2016-06-07,754
2016-06-08,742
2016-06-09,725
2016-06-10,763
2016-06-11,812
2016-06-12,846
2016-06-13,794
2016-06-14,833
2016-06-15,790
2016-06-16,814
2016-06-17,827
2016-06-18,757
2016-06-19,808
2016-06-20,855
2016-06-21,824
2016-06-22,749
2016-06-23,799
2016-06-24,803
2016-06-25,812
2016-06-26,771
2016-06-27,769
2016-06-28,765
2016-06-29,801
2016-06-30,845
2016-07-01,963
2016-07-02,754
2016-07-03,781
2016-07-04,847
2016-07-05,891
2016-07-06,739
2016-07-07,790
2016-07-08,790
2016-07-09,728
2016-07-10,758
2016-07-11,699
2016-07-12,777
2016-07-13,724
2016-07-14,766
2016-07-15,845
2016-07-16,779
2016-07-17,785
2016-07-18,797
2016-07-19,789
2016-07-20,823
2016-07-21,781
2016-07-22,789
2016-07-23,812
2016-07-24,786
2016-07-25,825
2016-07-26,876
2016-07-27,793
2016-07-28,772
2016-07-29,797
2016-07-30,924
2016-07-31,810
2016-08-01,881
2016-08-02,789
2016-08-03,769
2016-08-04,793
2016-08-05,862
2016-08-06,825
2016-08-07,835
2016-08-08,796
2016-08-09,720
2016-08-10,718
2016-08-11,849
2016-08-12,745
2016-08-13,823
2016-08-14,837
2016-08-15,843
2016-08-16,811
2016-08-17,862
2016-08-18,765
2016-08-19,791
2016-08-20,843
2016-08-21,782
2016-08-22,727
2016-08-23,745
2016-08-24,820
2016-08-25,770
2016-08-26,799
2016-08-27,814
2016-08-28,801
2016-08-29,881
2016-08-30,755
2016-08-31,777
2016-09-01,1036
2016-09-02,799
2016-09-03,831
2016-09-04,775
2016-09-05,812
2016-09-06,759
2016-09-07,722
2016-09-08,794
2016-09-09,818
2016-09-10,764
2016-09-11,754
2016-09-12,791
2016-09-13,786
2016-09-14,819
2016-09-15,821
2016-09-16,805
2016-09-17,834
2016-09-18,777
2016-09-19,712
2016-09-20,791
2016-09-21,728
2016-09-22,828
2016-09-23,839
2016-09-24,829
2016-09-25,807
2016-09-26,762
2016-09-27,731
2016-09-28,636
2016-09-29,701
2016-09-30,772
2016-10-01,861
2016-10-02,706
2016-10-03,771
2016-10-04,740
2016-10-05,803
2016-10-06,754
2016-10-07,861
2016-10-08,713
2016-10-09,678
2016-10-10,724
2016-10-11,695
2016-10-12,744
2016-10-13,691
2016-10-14,816
2016-10-15,820
2016-10-16,790
2016-10-17,814
2016-10-18,771
2016-10-19,708
2016-10-20,716
2016-10-21,761
2016-10-22,772
2016-10-23,779
2016-10-24,768
2016-10-25,734
2016-10-26,697
2016-10-27,728
2016-10-28,798
2016-10-29,824
2016-10-30,779
2016-10-31,863
2016-11-01,906
2016-11-02,744
2016-11-03,779
2016-11-04,780
2016-11-05,818
2016-11-06,748
2016-11-07,734
2016-11-08,642
2016-11-09,679
2016-11-10,722
2016-11-11,798
2016-11-12,777
2016-11-13,657
2016-11-14,666
2016-11-15,710
2016-11-16,767
2016-11-17,807
2016-11-18,793
2016-11-19,673
2016-11-20,658
2016-11-21,681
2016-11-22,722
2016-11-23,697
2016-11-24,534
2016-11-25,686
2016-11-26,717
2016-11-27,690
2016-11-28,690
2016-11-29,696
2016-11-30,695
2016-12-01,820
2016-12-02,832
2016-12-03,757
2016-12-04,590
2016-12-05,675
2016-12-06,686
2016-12-07,659
2016-12-08,605
2016-12-09,665
2016-12-10,612
2016-12-11,511
2016-12-12,626
2016-12-13,575
2016-12-14,611
2016-12-15,579
2016-12-16,690
2016-12-17,611
2016-12-18,525
2016-12-19,659
2016-12-20,692
2016-12-21,729
2016-12-22,701
2016-12-23,726
2016-12-24,601
2016-12-25,481
2016-12-26,646
2016-12-27,661
2016-12-28,720
2016-12-29,646
2016-12-30,740
2016-12-31,702
2017-01-01,1225
2017-01-02,612
2017-01-03,717
2017-01-04,611
2017-01-05,610
2017-01-06,599
2017-01-07,617
2017-01-08,591
2017-01-09,710
2017-01-10,704
2017-01-11,661
2017-01-12,643
2017-01-13,797
2017-01-14,683
2017-01-15,655
2017-01-16,649
2017-01-17,703
2017-01-18,704
2017-01-19,735
2017-01-20,779
2017-01-21,782
2017-01-22,739
2017-01-23,784
2017-01-24,734
2017-01-25,747
2017-01-26,675
2017-01-27,782
2017-01-28,729
2017-01-29,633
2017-01-30,753
2017-01-31,733
2017-02-01,842
2017-02-02,671
2017-02-03,668
2017-02-04,638
2017-02-05,694
2017-02-06,759
2017-02-07,694
2017-02-08,665
2017-02-09,666
2017-02-10,745
2017-02-11,700
2017-02-12,677
2017-02-13,718
2017-02-14,707
2017-02-15,667
2017-02-16,669
2017-02-17,832
2017-02-18,745
2017-02-19,674
2017-02-20,709
2017-02-21,677
2017-02-22,696
2017-02-23,655
2017-02-24,659
2017-02-25,596
2017-02-26,574
2017-02-27,633
2017-02-28,630
2017-03-01,743
2017-03-02,629
2017-03-03,672
2017-03-04,632
2017-03-05,661
2017-03-06,680
2017-03-07,680
2017-03-08,667
2017-03-09,676
2017-03-10,663
2017-03-11,657
2017-03-12,550
2017-03-13,537
2017-03-14,472
2017-03-15,608
2017-03-16,666
2017-03-17,707
2017-03-18,673
2017-03-19,604
2017-03-20,694
2017-03-21,651
2017-03-22,645
2017-03-23,665
2017-03-24,779
2017-03-25,694
2017-03-26,700
2017-03-27,721
2017-03-28,671
2017-03-29,669
2017-03-30,682
2017-03-31,770
2017-04-01,832
2017-04-02,686
2017-04-03,696
2017-04-04,711
2017-04-05,632
2017-04-06,667
2017-04-07,702
2017-04-08,693
2017-04-09,757
2017-04-10,679
2017-04-11,703
2017-04-12,727
2017-04-13,665
2017-04-14,773
2017-04-15,818
2017-04-16,686
2017-04-17,748
2017-04-18,732
2017-04-19,757
2017-04-20,713
2017-04-21,813
2017-04-22,700
2017-04-23,699
2017-04-24,733
2017-04-25,757
2017-04-26,758
2017-04-27,715
2017-04-28,828
2017-04-29,615
2017-04-30,656
2017-05-01,859
2017-05-02,689
2017-05-03,739
2017-05-04,741
2017-05-05,799
2017-05-06,713
2017-05-07,625
2017-05-08,704
2017-05-09,705
2017-05-10,660
2017-05-11,737
2017-05-12,844
2017-05-13,723
2017-05-14,707
2017-05-15,871
2017-05-16,747
2017-05-17,830
2017-05-18,774
2017-05-19,776
2017-05-20,662
2017-05-21,789
2017-05-22,793
2017-05-23,737
2017-05-24,760
2017-05-25,760
2017-05-26,769
2017-05-27,796
2017-05-28,703
2017-05-29,764
2017-05-30,811
2017-05-31,738
2017-06-01,886
2017-06-02,839
2017-06-03,820
2017-06-04,817
2017-06-05,734
2017-06-06,824
2017-06-07,784
2017-06-08,766
2017-06-09,813
2017-06-10,785
2017-06-11,807
2017-06-12,736
2017-06-13,804
2017-06-14,767
2017-06-15,822
2017-06-16,832
2017-06-17,826
2017-06-18,779
2017-06-19,745
2017-06-20,801
2017-06-21,783
2017-06-22,817
2017-06-23,776
2017-06-24,817
2017-06-25,795
2017-06-26,783
2017-06-27,767
2017-06-28,704
2017-06-29,774
2017-06-30,774
2017-07-01,929
2017-07-02,776
2017-07-03,864
2017-07-04,795
2017-07-05,851
2017-07-06,779
2017-07-07,758
2017-07-08,758
2017-07-09,821
2017-07-10,778
2017-07-11,767
2017-07-12,689
2017-07-13,817
2017-07-14,790
2017-07-15,886
2017-07-16,809
2017-07-17,845
2017-07-18,789
2017-07-19,769
2017-07-20,758
2017-07-21,756
2017-07-22,753
2017-07-23,838
2017-07-24,779
2017-07-25,848
2017-07-26,752
2017-07-27,786
2017-07-28,846
2017-07-29,799
2017-07-30,816
2017-07-31,793
2017-08-01,953
2017-08-02,774
2017-08-03,848
2017-08-04,924
2017-08-05,926
2017-08-06,862
2017-08-07,771
2017-08-08,768
2017-08-09,765
2017-08-10,788
2017-08-11,765
2017-08-12,811
2017-08-13,721
2017-08-14,813
2017-08-15,792
2017-08-16,791
2017-08-17,768
2017-08-18,857
2017-08-19,890
2017-08-20,769
2017-08-21,754
2017-08-22,779
2017-08-23,746
2017-08-24,800
2017-08-25,772
2017-08-26,778
2017-08-27,751
2017-08-28,687
2017-08-29,724
2017-08-30,788
2017-08-31,732
2017-09-01,914
2017-09-02,769
2017-09-03,755
2017-09-04,713
2017-09-05,704
2017-09-06,644
2017-09-07,728
2017-09-08,701
2017-09-09,730
2017-09-10,739
2017-09-11,691
2017-09-12,723
2017-09-13,704
2017-09-14,732
2017-09-15,798
2017-09-16,824
2017-09-17,807
2017-09-18,770
2017-09-19,708
2017-09-20,826
2017-09-21,804
2017-09-22,795
2017-09-23,828
2017-09-24,809
2017-09-25,819
2017-09-26,745
2017-09-27,724
2017-09-28,712
2017-09-29,802
2017-09-30,746
2017-10-01,848
2017-10-02,750
2017-10-03,736
2017-10-04,740
2017-10-05,746
2017-10-06,744
2017-10-07,708
2017-10-08,717
2017-10-09,739
2017-10-10,701
2017-10-11,615
2017-10-12,763
2017-10-13,766
2017-10-14,645
2017-10-15,633
2017-10-16,761
2017-10-17,716
2017-10-18,772
2017-10-19,770
2017-10-20,850
2017-10-21,812
2017-10-22,735
2017-10-23,738
2017-10-24,685
2017-10-25,712
2017-10-26,750
2017-10-27,816
2017-10-28,715
2017-10-29,695
2017-10-30,708
2017-10-31,755
2017-11-01,819
2017-11-02,719
2017-11-03,789
2017-11-04,754
2017-11-05,767
2017-11-06,715
2017-11-07,675
2017-11-08,754
2017-11-09,652
2017-11-10,675
2017-11-11,687
2017-11-12,664
2017-11-13,712
2017-11-14,695
2017-11-15,707
2017-11-16,759
2017-11-17,737
2017-11-18,698
2017-11-19,688
2017-11-20,759
2017-11-21,667
2017-11-22,653
2017-11-23,541
2017-11-24,677
2017-11-25,710
2017-11-26,661
2017-11-27,770
2017-11-28,779
2017-11-29,763
2017-11-30,748
2017-12-01,908
2017-12-02,754
2017-12-03,672
2017-12-04,800
2017-12-05,709
2017-12-06,707
2017-12-07,621
2017-12-08,729
2017-12-09,657
2017-12-10,654
2017-12-11,730
2017-12-12,676
2017-12-13,688
2017-12-14,712
2017-12-15,760
2017-12-16,763
2017-12-17,722
2017-12-18,715
2017-12-19,762
2017-12-20,696
2017-12-21,738
2017-12-22,774
2017-12-23,706
2017-12-24,499
2017-12-25,390
2017-12-26,514
2017-12-27,510
2017-12-28,589
2017-12-29,564
2017-12-30,608
2017-12-31,525
2018-01-01,726
2018-01-02,502
2018-01-03,513
2018-01-04,554
2018-01-05,618
2018-01-06,550
2018-01-07,495
2018-01-08,565
2018-01-09,577
2018-01-10,606
2018-01-11,587
2018-01-12,462
2018-01-13,51
2018-01-14,10
2018-01-15,16
2018-01-16,16
2018-01-17,19
2018-01-18,15
2018-01-19,17
2018-01-20,17
2018-01-21,12
2018-01-22,12
2018-01-23,14
2018-01-24,11
2018-01-25,8
2018-01-26,13
2018-01-27,10
2018-01-28,16
2018-01-29,10
2018-01-30,14
2018-01-31,15
2018-02-01,54
2018-02-02,16
2018-02-03,9
2018-02-04,15
2018-02-05,13
2018-02-06,3
2018-02-07,10
2018-02-08,9
2018-02-09,10
2018-02-10,14
2018-02-11,14
2018-02-12,17
2018-02-13,18
2018-02-14,17
2018-02-15,13
2018-02-16,19
2018-02-17,14
2018-02-18,11
2018-02-19,6
2018-02-20,18
2018-02-21,12
2018-02-22,10
2018-02-23,10
2018-02-24,8
2018-02-25,6
2018-02-26,11
2018-02-27,10
2018-02-28,11
2018-03-01,56
2018-03-02,11
2018-03-03,15
2018-03-04,10
2018-03-05,8
2018-03-06,12
2018-03-07,17
2018-03-08,14
2018-03-09,22
2018-03-10,14
2018-03-11,14
2018-03-12,17
2018-03-13,11
2018-03-14,7
2018-03-15,20
2018-03-16,23
2018-03-17,19
2018-03-18,18
2018-03-19,15
2018-03-20,14
2018-03-21,10
2018-03-22,13
2018-03-23,12
2018-03-24,12
2018-03-25,10
2018-03-26,11
2018-03-27,13
2018-03-28,17
2018-03-29,18
2018-03-30,17
2018-03-31,5
2018-04-01,57
2018-04-02,9
2018-04-03,13
2018-04-04,26
2018-04-05,16
2018-04-06,15
2018-04-07,11
2018-04-08,13
2018-04-09,20
2018-04-10,13
2018-04-11,14
2018-04-12,20
2018-04-13,14
2018-04-14,21
2018-04-15,15
2018-04-16,21
2018-04-17,9
2018-04-18,15
2018-04-19,14
2018-04-20,28
2018-04-21,11
2018-04-22,18
2018-04-23,14
2018-04-24,9
2018-04-25,8
2018-04-26,14
2018-04-27,15
2018-04-28,14
2018-04-29,15
2018-04-30,16
2018-05-01,68
2018-05-02,21
2018-05-03,10
2018-05-04,17
2018-05-05,26
2018-05-06,18
2018-05-07,14
2018-05-08,17
2018-05-09,19
2018-05-10,9
2018-05-11,17
2018-05-12,16
2018-05-13,10
2018-05-14,16
2018-05-15,18
2018-05-16,19
2018-05-17,15
2018-05-18,26
2018-05-19,13
2018-05-20,22
2018-05-21,13
2018-05-22,15
2018-05-23,18
2018-05-24,18
2018-05-25,19
2018-05-26,10
2018-05-27,14
2018-05-28,16
2018-05-29,13
2018-05-30,12
2018-05-31,15
2018-06-01,101
2018-06-02,21
2018-06-03,15
2018-06-04,13
2018-06-05,14
2018-06-06,15
2018-06-07,20
2018-06-08,23
2018-06-09,21
2018-06-10,18
2018-06-11,15
2018-06-12,18
2018-06-13,20
2018-06-14,26
2018-06-15,24
2018-06-16,22
2018-06-17,14
2018-06-18,23
2018-06-19,19
2018-06-20,25
2018-06-21,18
2018-06-22,10
2018-06-23,20
2018-06-24,18
2018-06-25,11
2018-06-26,9
2018-06-27,27
2018-06-28,26
2018-06-29,12
2018-06-30,19
2018-07-01,84
2018-07-02,25
2018-07-03,29
2018-07-04,22
2018-07-05,32
2018-07-06,26
2018-07-07,13
2018-07-08,19
2018-07-09,20
2018-07-10,18
2018-07-11,15
2018-07-12,15
2018-07-13,24
2018-07-14,13
2018-07-15,24
2018-07-16,37
2018-07-17,27
2018-07-18,30
2018-07-19,12
2018-07-20,30
2018-07-21,16
2018-07-22,20
2018-07-23,21
2018-07-24,21
2018-07-25,22
2018-07-26,20
2018-07-27,15
2018-07-28,27
2018-07-29,23
2018-07-30,21
2018-07-31,22
2018-08-01,79
2018-08-02,24
2018-08-03,23
2018-08-04,22
2018-08-05,15
2018-08-06,21
2018-08-07,29
2018-08-08,22
2018-08-09,23
2018-08-10,28
2018-08-11,30
2018-08-12,30
2018-08-13,19
2018-08-14,17
2018-08-15,33
2018-08-16,22
2018-08-17,29
2018-08-18,34
2018-08-19,29
2018-08-20,32
2018-08-21,19
2018-08-22,28
2018-08-23,19
2018-08-24,35
2018-08-25,36
2018-08-26,31
2018-08-27,25
2018-08-28,27
2018-08-29,32
2018-08-30,32
2018-08-31,36
2018-09-01,97
2018-09-02,39
2018-09-03,35
2018-09-04,34
2018-09-05,26
2018-09-06,22
2018-09-07,24
2018-09-08,29
2018-09-09,16
2018-09-10,28
2018-09-11,20
2018-09-12,18
2018-09-13,22
2018-09-14,27
2018-09-15,40
2018-09-16,40
2018-09-17,21
2018-09-18,25
2018-09-19,16
2018-09-20,32
2018-09-21,28
2018-09-22,22
2018-09-23,13
2018-09-24,22
2018-09-25,25
2018-09-26,29
2018-09-27,17
2018-09-28,27
2018-09-29,22
2018-09-30,26
2018-10-01,112
2018-10-02,20
2018-10-03,21
2018-10-04,23
2018-10-05,24
2018-10-06,15
2018-10-07,15
2018-10-08,19
2018-10-09,18
2018-10-10,31
2018-10-11,20
2018-10-12,28
2018-10-13,23
2018-10-14,18
2018-10-15,26
2018-10-16,18
2018-10-17,18
2018-10-18,34
2018-10-19,23
2018-10-20,19
2018-10-21,24
2018-10-22,32
2018-10-23,24
2018-10-24,28
2018-10-25,29
2018-10-26,28
2018-10-27,22
2018-10-28,25
2018-10-29,25
2018-10-30,29
2018-10-31,42
2018-11-01,114
2018-11-02,35
2018-11-03,27
2018-11-04,18
2018-11-05,26
2018-11-06,23
2018-11-07,25
2018-11-08,22
2018-11-09,25
2018-11-10,24
2018-11-11,18
2018-11-12,24
2018-11-13,29
2018-11-14,29
2018-11-15,38
2018-11-16,31
2018-11-17,29
2018-11-18,30
2018-11-19,22
2018-11-20,32
2018-11-21,22
2018-11-22,19
2018-11-23,30
2018-11-24,24
2018-11-25,19
2018-11-26,28
2018-11-27,24
2018-11-28,31
2018-11-29,25
2018-11-30,33
2018-12-01,101
2018-12-02,19
2018-12-03,28
2018-12-04,31
2018-12-05,32
2018-12-06,29
2018-12-07,27
2018-12-08,32
2018-12-09,24
2018-12-10,49
2018-12-11,32
2018-12-12,36
2018-12-13,37
2018-12-14,30
2018-12-15,40
2018-12-16,38
2018-12-17,62
2018-12-18,57
2018-12-19,43
2018-12-20,53
2018-12-21,61
2018-12-22,39
2018-12-23,42
2018-12-24,41
2018-12-25,23
2018-12-26,37
2018-12-27,39
2018-12-28,37
2018-12-29,37
2018-12-30,34
2018-12-31,44
2019-01-01,93
2019-01-02,17
2019-01-03,12
2019-01-04,10
2019-01-05,10
2019-01-06,12
2019-01-07,8
2019-01-08,13
2019-01-09,16
2019-01-10,11
2019-01-11,13
2019-01-12,23
2019-01-13,7
2019-01-14,13
2019-01-15,16
2019-01-16,13
2019-01-17,14
2019-01-18,21
2019-01-19,12
2019-01-20,7
2019-01-21,10
2019-01-22,10
2019-01-23,10
2019-01-24,15
2019-01-25,14
2019-01-26,9
2019-01-27,11
2019-01-28,5
2019-01-29,6
2019-01-30,3
2019-01-31,6
2019-02-01,23
2019-02-02,13
2019-02-03,9
2019-02-04,13
2019-02-05,14
2019-02-06,13
2019-02-07,6
2019-02-08,14
2019-02-09,14
2019-02-10,7
2019-02-11,12
2019-02-12,17
2019-02-13,11
2019-02-14,15
2019-02-15,17
2019-02-16,8
2019-02-17,13
2019-02-18,13
2019-02-19,15
2019-02-20,9
2019-02-21,18
2019-02-22,12
2019-02-23,13
2019-02-24,14
2019-02-25,13
2019-02-26,13
2019-02-27,9
2019-02-28,11
2019-03-01,23
2019-03-02,22
2019-03-03,11
2019-03-04,12
2019-03-05,7
2019-03-06,12
2019-03-07,12
2019-03-08,15
2019-03-09,10
2019-03-10,8
2019-03-11,16
2019-03-12,12
2019-03-13,10
2019-03-14,14
2019-03-15,10
2019-03-16,16
2019-03-17,15
2019-03-18,11
2019-03-19,13
2019-03-20,19
2019-03-21,11
2019-03-22,15
2019-03-23,12
2019-03-24,11
2019-03-25,9
2019-03-26,15
2019-03-27,8
2019-03-28,15
2019-03-29,13
2019-03-30,5
2019-03-31,12
2019-04-01,32
2019-04-02,7
2019-04-03,13
2019-04-04,1
2019-04-05,13
2019-04-06,12
2019-04-07,17
2019-04-08,12
2019-04-09,10
2019-04-10,10
2019-04-11,15
2019-04-12,20
2019-04-13,9
2019-04-14,10
2019-04-15,10
2019-04-16,14
2019-04-17,12
2019-04-18,11
2019-04-19,17
2019-04-20,11
2019-04-21,14
2019-04-22,10
2019-04-23,14
2019-04-24,11
2019-04-25,22
2019-04-26,13
2019-04-27,9
2019-04-28,8
2019-04-29,12
2019-04-30,11
2019-05-01,35
2019-05-02,14
2019-05-03,12
2019-05-04,14
2019-05-05,10
2019-05-06,15
2019-05-07,17
2019-05-08,11
2019-05-09,17
2019-05-10,8
2019-05-11,6
2019-05-12,14
2019-05-13,16
2019-05-14,9
2019-05-15,17
2019-05-16,11
2019-05-17,13
2019-05-18,8
2019-05-19,11
2019-05-20,19
2019-05-21,6
2019-05-22,8
2019-05-23,9
2019-05-24,14
2019-05-25,20
2019-05-26,12
2019-05-27,12
2019-05-28,8
2019-05-29,10
2019-05-30,15
2019-05-31,15
2019-06-01,36
2019-06-02,10
2019-06-03,15
2019-06-04,12
2019-06-05,13
2019-06-06,16
2019-06-07,9
2019-06-08,13
2019-06-09,8
2019-06-10,16
2019-06-11,15
2019-06-12,17
2019-06-13,11
2019-06-14,11
2019-06-15,13
2019-06-16,10
2019-06-17,12
2019-06-18,21
2019-06-19,23
2019-06-20,17
2019-06-21,10
2019-06-22,16
2019-06-23,12
2019-06-24,10
2019-06-25,16
2019-06-26,16
2019-06-27,13
2019-06-28,13
2019-06-29,14
2019-06-30,16
2019-07-01,35
2019-07-02,12
2019-07-03,15
2019-07-04,10
2019-07-05,10
2019-07-06,11
2019-07-07,13
2019-07-08,27
2019-07-09,7
2019-07-10,19
2019-07-11,14
2019-07-12,13
2019-07-13,18
2019-07-14,9
2019-07-15,25
2019-07-16,13
2019-07-17,12
2019-07-18,8
2019-07-19,13
2019-07-20,16
2019-07-21,11
2019-07-22,20
2019-07-23,22
2019-07-24,14
2019-07-25,16
2019-07-26,16
2019-07-27,10
2019-07-28,12
2019-07-29,14
2019-07-30,10
2019-07-31,14
2019-08-01,48
2019-08-02,25
2019-08-03,19
2019-08-04,16
2019-08-05,12
2019-08-06,12
2019-08-07,14
2019-08-08,11
2019-08-09,9
2019-08-10,13
2019-08-11,12
2019-08-12,13
2019-08-13,13
2019-08-14,19
2019-08-15,21
2019-08-16,11
2019-08-17,17
2019-08-18,18
2019-08-19,15
2019-08-20,12
2019-08-21,13
2019-08-22,11
2019-08-23,14
2019-08-24,11
2019-08-25,14
2019-08-26,11
2019-08-27,11
2019-08-28,11
2019-08-29,12
2019-08-30,14
2019-08-31,20
2019-09-01,31
2019-09-02,15
2019-09-03,16
2019-09-04,7
2019-09-05,27
2019-09-06,14
2019-09-07,12
2019-09-08,10
2019-09-09,18
2019-09-10,11
2019-09-11,17
2019-09-12,8
2019-09-13,11
2019-09-14,8
2019-09-15,15
2019-09-16,10
2019-09-17,18
2019-09-18,9
2019-09-19,20
2019-09-20,18
2019-09-21,12
2019-09-22,16
2019-09-23,9
2019-09-24,11
2019-09-25,12
2019-09-26,10
2019-09-27,7
2019-09-28,11
2019-09-29,10
2019-09-30,15
2019-10-01,32
2019-10-02,10
2019-10-03,15
2019-10-04,19
2019-10-05,13
2019-10-06,11
2019-10-07,19
2019-10-08,11
2019-10-09,15
2019-10-10,16
2019-10-11,15
2019-10-12,11
2019-10-13,10
2019-10-14,9
2019-10-15,18
2019-10-16,18
2019-10-17,10
2019-10-18,10
2019-10-19,17
2019-10-20,9
2019-10-21,13
2019-10-22,12
2019-10-23,21
2019-10-24,13
2019-10-25,13
2019-10-26,10
2019-10-27,10
2019-10-28,12
2019-10-29,14
2019-10-30,12
2019-10-31,7
2019-11-01,49
2019-11-02,16
2019-11-03,19
2019-11-04,15
2019-11-05,9
2019-11-06,16
2019-11-07,18
2019-11-08,13
2019-11-09,7
2019-11-10,12
2019-11-11,16
2019-11-12,10
2019-11-13,6
2019-11-14,10
2019-11-15,16
2019-11-16,19
2019-11-17,10
2019-11-18,20
2019-11-19,21
2019-11-20,21
2019-11-21,10
2019-11-22,14
2019-11-23,8
2019-11-24,12
2019-11-25,22
2019-11-26,7
2019-11-27,11
2019-11-28,11
2019-11-29,13
2019-11-30,11
2019-12-01,36
2019-12-02,19
2019-12-03,21
2019-12-04,19
2019-12-05,18
2019-12-06,16
2019-12-07,14
2019-12-08,17
2019-12-09,18
2019-12-10,15
2019-12-11,13
2019-12-12,10
2019-12-13,15
2019-12-14,18
2019-12-15,16
2019-12-16,10
2019-12-17,22
2019-12-18,11
2019-12-19,14
2019-12-20,20
2019-12-21,15
2019-12-22,11
2019-12-23,18
2019-12-24,16
2019-12-25,9
2019-12-26,12
2019-12-27,20
2019-12-28,18
2019-12-29,11
2019-12-30,12
2019-12-31,15
2020-01-01,124
2020-01-02,14
2020-01-03,23
2020-01-04,13
2020-01-05,11
2020-01-06,17
2020-01-07,14
2020-01-08,12
2020-01-09,8
2020-01-10,8
2020-01-11,8
2020-01-12,9
2020-01-13,14
2020-01-14,12
2020-01-15,16
2020-01-16,9
2020-01-17,8
2020-01-18,12
2020-01-19,8
2020-01-20,20
2020-01-21,8
2020-01-22,12
2020-01-23,13
2020-01-24,16
2020-01-25,14
2020-01-26,7
2020-01-27,21
2020-01-28,12
2020-01-29,19
2020-01-30,12
2020-01-31,16
2020-02-01,35
2020-02-02,17
2020-02-03,17
2020-02-04,8
2020-02-05,13
2020-02-06,12
2020-02-07,9
2020-02-08,9
2020-02-09,8
2020-02-10,8
2020-02-11,12
2020-02-12,17
2020-02-13,11
2020-02-14,17
2020-02-15,16
2020-02-16,11
2020-02-17,13
2020-02-18,12
2020-02-19,13
2020-02-20,20
2020-02-21,5
2020-02-22,11
2020-02-23,15
2020-02-24,11
2020-02-25,13
2020-02-26,14
2020-02-27,6
2020-02-28,14
2020-02-29,6
2020-03-01,47
2020-03-02,25
2020-03-03,19
2020-03-04,15
2020-03-05,14
2020-03-06,10
2020-03-07,10
2020-03-08,18
2020-03-09,5
2020-03-10,7
2020-03-11,17
2020-03-12,8
2020-03-13,15
2020-03-14,9
2020-03-15,22
2020-03-16,11
2020-03-17,12
2020-03-18,12
2020-03-19,8
2020-03-20,16
2020-03-21,11
2020-03-22,7
2020-03-23,8
2020-03-24,7
2020-03-25,9
2020-03-26,10
2020-03-27,5
2020-03-28,15
2020-03-29,9
2020-03-30,14
2020-03-31,5
2020-04-01,38
2020-04-02,6
2020-04-03,9
2020-04-04,8
2020-04-05,9
2020-04-06,3
2020-04-07,10
2020-04-08,8
2020-04-09,11
2020-04-10,14
2020-04-11,10
2020-04-12,12
2020-04-13,11
2020-04-14,13
2020-04-15,12
2020-04-16,17
2020-04-17,12
2020-04-18,9
2020-04-19,9
2020-04-20,18
2020-04-21,8
2020-04-22,12
2020-04-23,10
2020-04-24,16
2020-04-25,11
2020-04-26,8
2020-04-27,11
2020-04-28,14
2020-04-29,9
2020-04-30,11
2020-05-01,49
2020-05-02,14
2020-05-03,12
2020-05-04,10
2020-05-05,21
2020-05-06,13
2020-05-07,12
2020-05-08,12
2020-05-09,5
2020-05-10,9
2020-05-11,13
2020-05-12,7
2020-05-13,16
2020-05-14,10
2020-05-15,16
2020-05-16,10
2020-05-17,11
2020-05-18,7
2020-05-19,16
2020-05-20,16
2020-05-21,10
2020-05-22,15
2020-05-23,15
2020-05-24,7
2020-05-25,20
2020-05-26,5
2020-05-27,9
2020-05-28,12
2020-05-29,17
2020-05-30,26
2020-05-31,46
2020-06-01,76
2020-06-02,20
2020-06-03,8
2020-06-04,9
2020-06-05,9
2020-06-06,14
2020-06-07,14
2020-06-08,9
2020-06-09,16
2020-06-10,14
2020-06-11,12
2020-06-12,8
2020-06-13,7
2020-06-14,7
2020-06-15,16
2020-06-16,12
2020-06-17,15
2020-06-18,11
2020-06-19,23
2020-06-20,14
2020-06-21,11
2020-06-22,14
2020-06-23,17
2020-06-24,13
2020-06-25,8
2020-06-26,12
2020-06-27,14
2020-06-28,18
2020-06-29,10
2020-06-30,10
2020-07-01,51
2020-07-02,15
2020-07-03,18
2020-07-04,14
2020-07-05,26
2020-07-06,12
2020-07-07,19
2020-07-08,8
2020-07-09,11
2020-07-10,19
2020-07-11,13
2020-07-12,13
2020-07-13,16
2020-07-14,16
2020-07-15,20
2020-07-16,17
2020-07-17,12
2020-07-18,11
2020-07-19,14
2020-07-20,23
2020-07-21,13
2020-07-22,14
2020-07-23,14
2020-07-24,23
2020-07-25,17
2020-07-26,27
2020-07-27,15
2020-07-28,19
2020-07-29,9
2020-07-30,20
2020-07-31,16
2020-08-01,50
2020-08-02,8
2020-08-03,16
2020-08-04,16
2020-08-05,9
2020-08-06,9
2020-08-07,18
2020-08-08,19
2020-08-09,12
2020-08-10,25
2020-08-11,8
2020-08-12,16
2020-08-13,16
2020-08-14,17
2020-08-15,8
2020-08-16,16
2020-08-17,17
2020-08-18,14
2020-08-19,13
2020-08-20,16
2020-08-21,18
2020-08-22,9
2020-08-23,9
2020-08-24,11
2020-08-25,20
2020-08-26,26
2020-08-27,16
2020-08-28,8
2020-08-29,14
2020-08-30,16
2020-08-31,19
2020-09-01,62
2020-09-02,19
2020-09-03,16
2020-09-04,15
2020-09-05,18
2020-09-06,21
2020-09-07,18
2020-09-08,14
2020-09-09,13
2020-09-10,13
2020-09-11,17
2020-09-12,11
2020-09-13,19
2020-09-14,10
2020-09-15,21
2020-09-16,11
2020-09-17,15
2020-09-18,12
2020-09-19,14
2020-09-20,17
2020-09-21,21
2020-09-22,12
2020-09-23,21
2020-09-24,15
2020-09-25,24
2020-09-26,17
2020-09-27,11
2020-09-28,20
2020-09-29,16
2020-09-30,17
2020-10-01,63
2020-10-02,14
2020-10-03,7
2020-10-04,19
2020-10-05,11
2020-10-06,12
2020-10-07,21
2020-10-08,18
2020-10-09,14
2020-10-10,21
2020-10-11,21
2020-10-12,23
2020-10-13,13
2020-10-14,22
2020-10-15,29
2020-10-16,18
2020-10-17,20
2020-10-18,19
2020-10-19,19
2020-10-20,27
2020-10-21,14
2020-10-22,13
2020-10-23,18
2020-10-24,12
2020-10-25,21
2020-10-26,11
2020-10-27,11
2020-10-28,19
2020-10-29,10
2020-10-30,19
2020-10-31,14
2020-11-01,68
2020-11-02,25
2020-11-03,14
2020-11-04,18
2020-11-05,22
2020-11-06,24
2020-11-07,19
2020-11-08,13
2020-11-09,16
2020-11-10,23
2020-11-11,19
2020-11-12,12
2020-11-13,19
2020-11-14,16
2020-11-15,23
2020-11-16,18
2020-11-17,22
2020-11-18,22
2020-11-19,18
2020-11-20,19
2020-11-21,20
2020-11-22,15
2020-11-23,21
2020-11-24,14
2020-11-25,25
2020-11-26,18
2020-11-27,17
2020-11-28,19
2020-11-29,18
2020-11-30,24
2020-12-01,86
2020-12-02,17
2020-12-03,29
2020-12-04,18
2020-12-05,24
2020-12-06,17
2020-12-07,21
2020-12-08,25
2020-12-09,26
2020-12-10,30
2020-12-11,23
2020-12-12,23
2020-12-13,13
2020-12-14,27
2020-12-15,31
2020-12-16,15
2020-12-17,14
2020-12-18,19
2020-12-19,33
2020-12-20,39
2020-12-21,26
2020-12-22,30
2020-12-23,28
2020-12-24,27
2020-12-25,7
2020-12-26,19
2020-12-27,14
2020-12-28,22
2020-12-29,15
2020-12-30,20
2020-12-31,32
2021-01-01,81
2021-01-02,11
2021-01-03,16
2021-01-04,14
2021-01-05,8
2021-01-06,13
2021-01-07,9
2021-01-08,9
2021-01-09,7
2021-01-10,9
2021-01-11,10
2021-01-12,13
2021-01-13,12
2021-01-14,11
2021-01-15,3
2021-01-16,6
2021-01-17,12
2021-01-18,9
2021-01-19,10
2021-01-20,18
2021-01-21,14
2021-01-22,10
2021-01-23,10
2021-01-24,11
2021-01-25,11
2021-01-26,20
2021-01-27,9
2021-01-28,15
2021-01-29,13
2021-01-30,15
2021-01-31,9
2021-02-01,32
2021-02-02,5
2021-02-03,10
2021-02-04,10
2021-02-05,19
2021-02-06,9
2021-02-07,6
2021-02-08,8
2021-02-09,11
2021-02-10,12
2021-02-11,13
2021-02-12,22
2021-02-13,17
2021-02-14,8
2021-02-15,9
2021-02-16,11
2021-02-17,14
2021-02-18,28
2021-02-19,21
2021-02-20,18
2021-02-21,20
2021-02-22,12
2021-02-23,17
2021-02-24,12
2021-02-25,28
2021-02-26,28
2021-02-27,21
2021-02-28,14
2021-03-01,52
2021-03-02,8
2021-03-03,30
2021-03-04,27
2021-03-05,21
2021-03-06,13
2021-03-07,6
2021-03-08,11
2021-03-09,15
2021-03-10,21
2021-03-11,20
2021-03-12,21
2021-03-13,15
2021-03-14,8
2021-03-15,15
2021-03-16,15
2021-03-17,23
2021-03-18,19
2021-03-19,12
2021-03-20,28
2021-03-21,20
2021-03-22,20
2021-03-23,24
2021-03-24,30
2021-03-25,28
2021-03-26,18
2021-03-27,10
2021-03-28,15
2021-03-29,18
2021-03-30,30
2021-03-31,37
2021-04-01,60
2021-04-02,19
2021-04-03,15
2021-04-04,18
2021-04-05,26
2021-04-06,30
2021-04-07,26
2021-04-08,17
2021-04-09,15
2021-04-10,21
2021-04-11,17
2021-04-12,16
2021-04-13,10
2021-04-14,6
2021-04-15,13
2021-04-16,17
2021-04-17,7
2021-04-18,8
2021-04-19,10
2021-04-20,10
2021-04-21,17
2021-04-22,19
2021-04-23,19
2021-04-24,10
2021-04-25,15
2021-04-26,21
2021-04-27,12
2021-04-28,13
2021-04-29,24
2021-04-30,25
2021-05-01,44
2021-05-02,13
2021-05-03,11
2021-05-04,13
2021-05-05,28
2021-05-06,13
2021-05-07,13
2021-05-08,12
2021-05-09,12
2021-05-10,12
2021-05-11,11
2021-05-12,19
2021-05-13,16
2021-05-14,14
2021-05-15,22
2021-05-16,13
2021-05-17,20
2021-05-18,20
2021-05-19,24
2021-05-20,21
2021-05-21,14
2021-05-22,32
2021-05-23,26
2021-05-24,24
2021-05-25,16
2021-05-26,14
2021-05-27,34
2021-05-28,11
2021-05-29,20
2021-05-30,12
2021-05-31,11
2021-06-01,64
2021-06-02,29
2021-06-03,16
2021-06-04,11
2021-06-05,11
2021-06-06,12
2021-06-07,16
2021-06-08,14
2021-06-09,16
2021-06-10,21
2021-06-11,21
2021-06-12,16
2021-06-13,20
2021-06-14,17
2021-06-15,22
2021-06-16,19
2021-06-17,30
2021-06-18,17
2021-06-19,21
2021-06-20,24
2021-06-21,17
2021-06-22,13
2021-06-23,18
2021-06-24,16
2021-06-25,19
2021-06-26,10
2021-06-27,23
2021-06-28,22
2021-06-29,19
2021-06-30,17
2021-07-01,59
2021-07-02,35
2021-07-03,13
2021-07-04,17
2021-07-05,20
2021-07-06,25
2021-07-07,24
2021-07-08,13
2021-07-09,20
2021-07-10,16
2021-07-11,19
2021-07-12,15
2021-07-13,21
2021-07-14,21
2021-07-15,20
2021-07-16,16
2021-07-17,19
2021-07-18,12
2021-07-19,13
2021-07-20,20
2021-07-21,16
2021-07-22,14
2021-07-23,15
2021-07-24,15
2021-07-25,13
2021-07-26,30
2021-07-27,27
2021-07-28,21
2021-07-29,29
2021-07-30,37
2021-07-31,38
2021-08-01,61
2021-08-02,17
2021-08-03,23
2021-08-04,37
2021-08-05,26
2021-08-06,17
2021-08-07,18
2021-08-08,17
2021-08-09,16
2021-08-10,16
2021-08-11,16
2021-08-12,19
2021-08-13,17
2021-08-14,14
2021-08-15,17
2021-08-16,26
2021-08-17,23
2021-08-18,20
2021-08-19,20
2021-08-20,19
2021-08-21,21
2021-08-22,23
2021-08-23,23
2021-08-24,16
2021-08-25,27
2021-08-26,18
2021-08-27,28
2021-08-28,14
2021-08-29,15
2021-08-30,14
2021-08-31,18
2021-09-01,74
2021-09-02,14
2021-09-03,17
2021-09-04,18
2021-09-05,13
2021-09-06,17
2021-09-07,17
2021-09-08,22
2021-09-09,24
2021-09-10,18
2021-09-11,13
2021-09-12,21
2021-09-13,30
2021-09-14,18
2021-09-15,25
2021-09-16,19
2021-09-17,8
2021-09-18,14
2021-09-19,18
2021-09-20,25
2021-09-21,25
2021-09-22,18
2021-09-23,22
2021-09-24,16
2021-09-25,13
2021-09-26,13
2021-09-27,21
2021-09-28,23
2021-09-29,19
2021-09-30,23
2021-10-01,84
2021-10-02,12
2021-10-03,25
2021-10-04,11
2021-10-05,20
2021-10-06,34
2021-10-07,20
2021-10-08,22
2021-10-09,19
2021-10-10,24
2021-10-11,23
2021-10-12,23
2021-10-13,17
2021-10-14,21
2021-10-15,26
2021-10-16,25
2021-10-17,11
2021-10-18,34
2021-10-19,28
2021-10-20,19
2021-10-21,22
2021-10-22,31
2021-10-23,24
2021-10-24,15
2021-10-25,23
2021-10-26,29
2021-10-27,22
2021-10-28,20
2021-10-29,22
2021-10-30,15
2021-10-31,20
2021-11-01,106
2021-11-02,17
2021-11-03,28
2021-11-04,15
2021-11-05,20
2021-11-06,13
2021-11-07,20
2021-11-08,24
2021-11-09,25
2021-11-10,30
2021-11-11,18
2021-11-12,27
2021-11-13,14
2021-11-14,12
2021-11-15,32
2021-11-16,23
2021-11-17,25
2021-11-18,27
2021-11-19,18
2021-11-20,28
2021-11-21,26
2021-11-22,31
2021-11-23,24
2021-11-24,35
2021-11-25,11
2021-11-26,29
2021-11-27,21
2021-11-28,13
2021-11-29,26
2021-11-30,34
2021-12-01,94
2021-12-02,40
2021-12-03,38
2021-12-04,25
2021-12-05,26
2021-12-06,40
2021-12-07,37
2021-12-08,35
2021-12-09,31
2021-12-10,35
2021-12-11,35
2021-12-12,27
2021-12-13,32
2021-12-14,32
2021-12-15,59
2021-12-16,49
2021-12-17,48
2021-12-18,20
2021-12-19,33
2021-12-20,52
2021-12-21,50
2021-12-22,51
2021-12-23,50
2021-12-24,61
2021-12-25,42
2021-12-26,44
2021-12-27,74
2021-12-28,61
2021-12-29,57
2021-12-30,80
2021-12-31,96
2022-01-01,47
2022-01-02,6
2022-01-03,11
2022-01-04,8
2022-01-05,9
2022-01-06,9
2022-01-07,17
2022-01-08,12
2022-01-09,6
2022-01-10,15
2022-01-11,15
2022-01-12,21
2022-01-13,21
2022-01-14,15
2022-01-15,5
2022-01-16,13
2022-01-17,7
2022-01-18,8
2022-01-19,17
2022-01-20,13
2022-01-21,10
2022-01-22,11
2022-01-23,5
2022-01-24,9
2022-01-25,8
2022-01-26,13
2022-01-27,18
2022-01-28,13
2022-01-29,13
2022-01-30,14
2022-01-31,12
2022-02-01,23
2022-02-02,13
2022-02-03,17
2022-02-04,14
2022-02-05,13
2022-02-06,7
2022-02-07,8
2022-02-08,11
2022-02-09,15
2022-02-10,20
2022-02-11,17
2022-02-12,12
2022-02-13,13
2022-02-14,17
2022-02-15,17
2022-02-16,24
2022-02-17,20
2022-02-18,15
2022-02-19,21
2022-02-20,14
2022-02-21,27
2022-02-22,22
2022-02-23,20
2022-02-24,17
2022-02-25,23
2022-02-26,18
2022-02-27,17
2022-02-28,15
2022-03-01,37
2022-03-02,28
2022-03-03,35
2022-03-04,24
2022-03-05,23
2022-03-06,22
2022-03-07,20
2022-03-08,20
2022-03-09,34
2022-03-10,22
2022-03-11,15
2022-03-12,26
2022-03-13,20
2022-03-14,26
2022-03-15,15
2022-03-16,18
2022-03-17,19
2022-03-18,16
2022-03-19,6
2022-03-20,14
2022-03-21,14
2022-03-22,20
2022-03-23,17
2022-03-24,19
2022-03-25,21
2022-03-26,7
2022-03-27,12
2022-03-28,12
2022-03-29,8
2022-03-30,22
2022-03-31,15
2022-04-01,39
2022-04-02,14
2022-04-03,7
2022-04-04,17
2022-04-05,13
2022-04-06,19
2022-04-07,18
2022-04-08,13
2022-04-09,12
2022-04-10,15
2022-04-11,17
2022-04-12,9
2022-04-13,14
2022-04-14,14
2022-04-15,23
2022-04-16,13
2022-04-17,3
2022-04-18,7
2022-04-19,15
2022-04-20,14
2022-04-21,17
2022-04-22,15
2022-04-23,8
2022-04-24,15
2022-04-25,8
2022-04-26,18
2022-04-27,13
2022-04-28,18
2022-04-29,12
2022-04-30,8
2022-05-01,37
2022-05-02,11
2022-05-03,10
2022-05-04,15
2022-05-05,13
2022-05-06,14
2022-05-07,8
2022-05-08,10
2022-05-09,11
2022-05-10,14
2022-05-11,22
2022-05-12,10
2022-05-13,24
2022-05-14,12
2022-05-15,10
2022-05-16,11
2022-05-17,10
2022-05-18,13
2022-05-19,14
2022-05-20,9
2022-05-21,12
2022-05-22,6
2022-05-23,24
2022-05-24,10
2022-05-25,13
2022-05-26,12
2022-05-27,15
2022-05-28,12
2022-05-29,18
2022-05-30,10
2022-05-31,20
2022-06-01,58
2022-06-02,28
2022-06-03,14
2022-06-04,12
2022-06-05,16
2022-06-06,14
2022-06-07,14
2022-06-08,12
2022-06-09,18
2022-06-10,16
2022-06-11,18
2022-06-12,3
2022-06-13,15
2022-06-14,13
2022-06-15,23
2022-06-16,18
2022-06-17,19
2022-06-18,20
2022-06-19,12
2022-06-20,22
2022-06-21,17
2022-06-22,16
2022-06-23,13
2022-06-24,17
2022-06-25,16
2022-06-26,20
2022-06-27,26
2022-06-28,22
2022-06-29,15
2022-06-30,23
2022-07-01,51
2022-07-02,26
2022-07-03,12
2022-07-04,22
2022-07-05,15
2022-07-06,14
2022-07-07,19
2022-07-08,19
2022-07-09,17
2022-07-10,15
2022-07-11,18
2022-07-12,15
2022-07-13,11
2022-07-14,19
2022-07-15,16
2022-07-16,18
2022-07-17,21
2022-07-18,15
2022-07-19,15
2022-07-20,19
2022-07-21,21
2022-07-22,26
2022-07-23,15
2022-07-24,12
2022-07-25,14
2022-07-26,23
2022-07-27,13
2022-07-28,20
2022-07-29,34
2022-07-30,34
2022-07-31,19
2022-08-01,63
2022-08-02,14
2022-08-03,31
2022-08-04,18
2022-08-05,16
2022-08-06,24
2022-08-07,18
2022-08-08,26
2022-08-09,20
2022-08-10,31
2022-08-11,23
2022-08-12,20
2022-08-13,17
2022-08-14,17
2022-08-15,25
2022-08-16,24
2022-08-17,16
2022-08-18,15
2022-08-19,20
2022-08-20,17
2022-08-21,12
2022-08-22,21
2022-08-23,22
2022-08-24,20
2022-08-25,22
2022-08-26,14
2022-08-27,22
2022-08-28,14
2022-08-29,12
2022-08-30,14
2022-08-31,23
2022-09-01,76
2022-09-02,17
2022-09-03,23
2022-09-04,16
2022-09-05,15
2022-09-06,18
2022-09-07,29
2022-09-08,28
2022-09-09,25
2022-09-10,11
2022-09-11,15
2022-09-12,18
2022-09-13,14
2022-09-14,20
2022-09-15,35
2022-09-16,19
2022-09-17,12
2022-09-18,16
2022-09-19,16
2022-09-20,18
2022-09-21,28
2022-09-22,24
2022-09-23,22
2022-09-24,22
2022-09-25,14
2022-09-26,19
2022-09-27,22
2022-09-28,21
2022-09-29,27
2022-09-30,11
2022-10-01,86
2022-10-02,15
2022-10-03,22
2022-10-04,17
2022-10-05,16
2022-10-06,23
2022-10-07,19
2022-10-08,19
2022-10-09,13
2022-10-10,20
2022-10-11,20
2022-10-12,17
2022-10-13,17
2022-10-14,29
2022-10-15,32
2022-10-16,20
2022-10-17,22
2022-10-18,34
2022-10-19,23
2022-10-20,14
2022-10-21,16
2022-10-22,21
2022-10-23,25
2022-10-24,22
2022-10-25,18
2022-10-26,28
2022-10-27,24
2022-10-28,25
2022-10-29,19
2022-10-30,12
2022-10-31,24
2022-11-01,89
2022-11-02,29
2022-11-03,36
2022-11-04,15
2022-11-05,22
2022-11-06,16
2022-11-07,26
2022-11-08,22
2022-11-09,19
2022-11-10,32
2022-11-11,29
2022-11-12,15
2022-11-13,14
2022-11-14,23
2022-11-15,37
2022-11-16,22
2022-11-17,20
2022-11-18,31
2022-11-19,16
2022-11-20,22
2022-11-21,25
2022-11-22,28
2022-11-23,31
2022-11-24,25
2022-11-25,31
2022-11-26,17
2022-11-27,18
2022-11-28,37
2022-11-29,30
2022-11-30,46
2022-12-01,93
2022-12-02,45
2022-12-03,31
2022-12-04,23
2022-12-05,34
2022-12-06,49
2022-12-07,43
2022-12-08,35
2022-12-09,41
2022-12-10,34
2022-12-11,26
2022-12-12,43
2022-12-13,36
2022-12-14,52
2022-12-15,42
2022-12-16,55
2022-12-17,42
2022-12-18,48
2022-12-19,64
2022-12-20,66
2022-12-21,58
2022-12-22,81
2022-12-23,56
2022-12-24,44
2022-12-25,39
2022-12-26,52
2022-12-27,75
2022-12-28,84
2022-12-29,88
2022-12-30,140
2022-12-31,193
2023-01-01,954
2023-01-02,646
2023-01-03,732
2023-01-04,680
2023-01-05,651
2023-01-06,720
2023-01-07,713
2023-01-08,609
2023-01-09,657
2023-01-10,650
2023-01-11,741
2023-01-12,671
2023-01-13,695
2023-01-14,760
2023-01-15,753
2023-01-16,671
2023-01-17,728
2023-01-18,680
2023-01-19,681
2023-01-20,671
2023-01-21,717
2023-01-22,645
2023-01-23,673
2023-01-24,631
2023-01-25,612
2023-01-26,593
2023-01-27,646
2023-01-28,646
2023-01-29,543
2023-01-30,574
2023-01-31,531
2023-02-01,669
2023-02-02,639
2023-02-03,632
2023-02-04,689
2023-02-05,630
2023-02-06,689
2023-02-07,680
2023-02-08,640
2023-02-09,607
2023-02-10,706
2023-02-11,717
2023-02-12,662
2023-02-13,660
2023-02-14,680
2023-02-15,615
2023-02-16,606
2023-02-17,676
2023-02-18,664
2023-02-19,725
2023-02-20,629
2023-02-21,591
2023-02-22,544
2023-02-23,640
2023-02-24,623
2023-02-25,645
2023-02-26,667
2023-02-27,629
2023-02-28,670
2023-03-01,696
2023-03-02,589
2023-03-03,679
2023-03-04,602
2023-03-05,649
2023-03-06,646
2023-03-07,675
2023-03-08,634
2023-03-09,614
2023-03-10,684
2023-03-11,663
2023-03-12,555
2023-03-13,649
2023-03-14,629
2023-03-15,700
2023-03-16,674
2023-03-17,655
2023-03-18,611
2023-03-19,650
2023-03-20,697
2023-03-21,681
2023-03-22,673
2023-03-23,675
2023-03-24,708
2023-03-25,673
2023-03-26,670
2023-03-27,655
2023-03-28,717
2023-03-29,670
2023-03-30,659
2023-03-31,740
2023-04-01,776
2023-04-02,669
2023-04-03,664
2023-04-04,660
2023-04-05,660
2023-04-06,673
2023-04-07,678
2023-04-08,687
2023-04-09,675
2023-04-10,692
2023-04-11,679
2023-04-12,720
2023-04-13,712
2023-04-14,783
2023-04-15,769
2023-04-16,679
2023-04-17,612
2023-04-18,675
2023-04-19,694
2023-04-20,694
2023-04-21,673
2023-04-22,694
2023-04-23,651
2023-04-24,622
2023-04-25,661
2023-04-26,631
2023-04-27,676
2023-04-28,699
2023-04-29,593
2023-04-30,658
2023-05-01,665
2023-05-02,657
2023-05-03,654
2023-05-04,671
2023-05-05,659
2023-05-06,678
2023-05-07,673
2023-05-08,678
2023-05-09,733
2023-05-10,736
2023-05-11,707
2023-05-12,679
2023-05-13,657
2023-05-14,660
2023-05-15,691
2023-05-16,711
2023-05-17,671
2023-05-18,730
2023-05-19,708
2023-05-20,716
2023-05-21,743
2023-05-22,789
2023-05-23,727
2023-05-24,698
2023-05-25,721
2023-05-26,714
2023-05-27,732
2023-05-28,794
2023-05-29,731
2023-05-30,698
2023-05-31,681
2023-06-01,745
2023-06-02,779
2023-06-03,762
2023-06-04,720
2023-06-05,762
2023-06-06,711
2023-06-07,705
2023-06-08,652
2023-06-09,680
2023-06-10,757
2023-06-11,655
2023-06-12,707
2023-06-13,682
2023-06-14,687
2023-06-15,685
2023-06-16,712
2023-06-17,717
2023-06-18,780
2023-06-19,720
2023-06-20,759
2023-06-21,682
2023-06-22,761
2023-06-23,775
2023-06-24,750
2023-06-25,848
2023-06-26,794
2023-06-27,753
2023-06-28,642
2023-06-29,709
2023-06-30,769
2023-07-01,779
2023-07-02,620
2023-07-03,760
2023-07-04,781
2023-07-05,764
2023-07-06,671
2023-07-07,716
2023-07-08,708
2023-07-09,773